customer_id,usia,jenis_kelamin,pendidikan,status_pekerjaan,pendapatan_tahunan_idr,jumlah_pinjaman_idr,tenor_bulan,tujuan_pinjaman,credit_score,jumlah_pinjaman_aktif,rasio_utang_pendapatan,riwayat_telat_bayar,nilai_agunan_idr,status_kredit
CUST000001,28,Laki-laki,SMA,,14628940,278922013,12,Modal Usaha,384,1,0.6,7,14293345,Default
CUST000002,24,Laki-laki,S1,Freelancer,37878659,154124154,48,Kendaraan,707,1,0.83,5,441515215,Tidak Default
CUST000003,23,Laki-laki,S1,Wiraswasta,33633748,162988556,36,Konsumsi,840,4,0.43,12,78803799,Tidak Default
CUST000004,59,Laki-laki,S2,Freelancer,45851485,18154653,60,Kendaraan,,3,0.51,9,,Tidak Default
CUST000005,59,Laki-laki,D3,Wiraswasta,,78274484,36,Renovasi Rumah,511,1,0.22,2,211908435,Tidak Default
CUST000006,65,,S1,Freelancer,15370547,282820478,48,Renovasi Rumah,534,2,0.56,7,35784831,Default
CUST000007,37,Laki-laki,SMA,Karyawan Kontrak,33454361,103155416,60,Konsumsi,452,0,0.31,8,98456651,Tidak Default
CUST000008,65,Perempuan,SMA,Freelancer,42209953,157423886,60,Renovasi Rumah,361,5,0.78,0,170678790,Default
CUST000009,51,Laki-laki,S2,Wiraswasta,47041077,52650372,36,Konsumsi,,0,0.44,10,489983073,Default
CUST000010,23,Laki-laki,S2,Karyawan Tetap,27827577,144311637,12,Pendidikan,837,0,0.41,8,386496318,Tidak Default
CUST000011,32,Perempuan,S1,Karyawan Kontrak,6061823,87189568,60,Modal Usaha,,2,0.3,4,15010364,Default
CUST000012,29,Perempuan,S2,Freelancer,16515809,121970229,24,Konsumsi,787,4,0.45,2,484132041,Tidak Default
CUST000013,39,Laki-laki,SMA,Karyawan Tetap,29245309,87565358,48,Kendaraan,629,4,0.79,4,,Default
CUST000014,42,Perempuan,D3,Freelancer,40277509,122689692,36,Kendaraan,352,1,0.22,10,164416159,Default
CUST000015,25,Perempuan,D3,Freelancer,32219239,276894367,48,Pendidikan,460,4,0.53,5,,Default
CUST000016,,Laki-laki,S1,Wiraswasta,26464340,7451712,48,Kendaraan,629,0,0.43,1,388879700,Tidak Default
CUST000017,57,Laki-laki,S2,Freelancer,38713711,284464533,36,Konsumsi,343,1,0.34,2,375836471,Tidak Default
CUST000018,32,Laki-laki,D3,Karyawan Kontrak,32096253,230368377,48,Kendaraan,626,3,0.21,8,255344953,Tidak Default
CUST000019,50,Laki-laki,S2,Karyawan Kontrak,20980338,91554459,36,Konsumsi,617,2,0.3,5,487959601,Default
CUST000020,50,Perempuan,D3,PNS,5156027,233147168,36,Kendaraan,516,4,0.31,2,304136815,Tidak Default
CUST000021,22,Laki-laki,D3,PNS,41836971,207030639,48,Kendaraan,598,5,0.85,8,236317393,Default
CUST000022,58,Laki-laki,S1,PNS,39779508,193360281,48,Modal Usaha,825,3,0.23,0,,Tidak Default
CUST000023,53,Laki-laki,D3,PNS,39468814,258259430,60,Konsumsi,564,3,0.84,6,368501805,Default
CUST000024,24,Perempuan,D3,Wiraswasta,31130920,158255446,60,Renovasi Rumah,762,4,0.19,6,,Default
CUST000025,37,Perempuan,SMA,Karyawan Tetap,45272941,192651155,24,Modal Usaha,597,2,0.37,10,408137867,Tidak Default
CUST000026,25,,SMA,Karyawan Tetap,31201973,208592367,48,Modal Usaha,364,3,0.86,10,,Default
CUST000027,63,Perempuan,S1,PNS,,153148153,36,Konsumsi,550,2,0.49,,,Tidak Default
CUST000028,43,Perempuan,,PNS,17951622,256732064,60,Kendaraan,707,4,0.81,6,,Tidak Default
CUST000029,37,Perempuan,S2,PNS,48213589,46011714,12,Modal Usaha,605,0,0.2,12,250164863,Tidak Default
CUST000030,25,Laki-laki,SMA,Karyawan Tetap,,78085498,12,Modal Usaha,419,3,0.7,3,397149614,Default
CUST000031,48,Laki-laki,S2,Freelancer,10730416,104098091,24,Konsumsi,843,3,0.56,7,,Default
CUST000032,57,,SMA,Wiraswasta,17523642,260597613,48,Pendidikan,839,2,0.58,1,78381279,Tidak Default
CUST000033,32,Laki-laki,D3,Freelancer,47008661,185848022,12,Kendaraan,480,1,0.58,11,383709416,Tidak Default
CUST000034,26,,D3,Wiraswasta,24451710,217127599,24,Konsumsi,718,0,0.39,7,,Default
CUST000035,52,Laki-laki,S2,PNS,20406107,109667368,12,Renovasi Rumah,772,3,,10,370112514,Tidak Default
CUST000036,60,Laki-laki,S2,Wiraswasta,25153699,87395876,48,Konsumsi,327,2,,1,85666068,Tidak Default
CUST000037,29,Laki-laki,D3,Freelancer,3348637,173072593,24,Konsumsi,637,2,0.33,12,62416575,Default
CUST000038,32,Laki-laki,D3,Karyawan Tetap,48913829,162551140,12,Konsumsi,377,2,0.69,10,269370075,Default
CUST000039,59,,SMA,Wiraswasta,41389590,97461320,12,Modal Usaha,767,0,0.66,3,262338964,Default
CUST000040,58,Laki-laki,S1,Karyawan Kontrak,33509656,196470182,12,Konsumsi,627,0,0.47,12,323917154,Tidak Default
CUST000041,61,Perempuan,SMA,Karyawan Kontrak,20754687,67277339,36,Kendaraan,590,1,0.67,12,376801866,Tidak Default
CUST000042,57,Perempuan,SMA,Karyawan Tetap,48191474,55867109,24,Modal Usaha,746,4,0.55,8,182226960,Tidak Default
CUST000043,64,Perempuan,S2,Freelancer,3294813,189596840,60,Renovasi Rumah,452,1,0.7,4,119837149,Default
CUST000044,63,Laki-laki,S1,Wiraswasta,16706878,116632749,24,Kendaraan,324,2,0.58,,10066878,Default
CUST000045,37,Laki-laki,SMA,Karyawan Tetap,48646001,209625057,48,Renovasi Rumah,606,0,0.32,10,260293776,Default
CUST000046,44,Perempuan,S2,Karyawan Kontrak,38424800,19181005,12,Kendaraan,376,4,0.57,0,208875823,Tidak Default
CUST000047,23,Laki-laki,D3,Wiraswasta,33805710,175674384,48,Konsumsi,717,4,0.1,1,193206303,Tidak Default
CUST000048,46,Perempuan,S1,PNS,15402358,69547910,36,Renovasi Rumah,685,5,0.66,9,358164926,Tidak Default
CUST000049,27,Perempuan,,PNS,31977773,133164253,60,Kendaraan,590,4,0.78,1,329104751,Tidak Default
CUST000050,42,,SMA,Wiraswasta,5224846,256249644,48,Konsumsi,332,1,0.32,8,419921,Default
CUST000051,47,Perempuan,S1,Wiraswasta,40247093,28323644,24,Pendidikan,608,3,0.37,3,230522915,Tidak Default
CUST000052,38,Laki-laki,S1,PNS,6825466,197289851,24,Pendidikan,698,1,0.12,11,182178601,Default
CUST000053,61,Perempuan,S2,Freelancer,16019306,113384862,24,Konsumsi,462,5,0.89,9,177558150,Default
CUST000054,53,Perempuan,D3,Karyawan Tetap,39644908,14720576,60,Renovasi Rumah,535,4,0.87,5,,Default
CUST000055,43,Perempuan,D3,PNS,10471439,266167360,48,Konsumsi,603,4,0.77,8,234448205,Default
CUST000056,35,Perempuan,S1,Karyawan Kontrak,23518412,193435582,48,Kendaraan,473,1,0.39,12,281064185,Default
CUST000057,60,Laki-laki,SMA,PNS,31167600,9705040,24,Pendidikan,810,5,0.54,8,425714577,Default
CUST000058,52,Laki-laki,D3,Wiraswasta,37271618,23543271,24,Kendaraan,776,1,0.37,10,11906262,Tidak Default
CUST000059,25,Laki-laki,S1,PNS,41918682,259951605,48,Konsumsi,725,1,0.32,8,412693918,Default
CUST000060,58,Perempuan,S2,Freelancer,5097141,39447671,36,Kendaraan,449,1,0.06,7,26061914,Tidak Default
CUST000061,53,Perempuan,SMA,Karyawan Kontrak,13183633,203145493,48,Renovasi Rumah,445,1,0.54,6,440793393,Default
CUST000062,40,Perempuan,SMA,Karyawan Tetap,21325789,20627271,12,Renovasi Rumah,721,4,0.29,4,391658356,Tidak Default
CUST000063,34,Laki-laki,D3,PNS,31089631,274882607,60,Konsumsi,806,4,0.43,0,293438752,Tidak Default
CUST000064,65,,S2,PNS,19604667,266541425,48,Kendaraan,682,0,0.08,0,364432768,Tidak Default
CUST000065,36,Laki-laki,SMA,Karyawan Kontrak,22160383,288877083,48,Kendaraan,677,1,0.51,10,,Tidak Default
CUST000066,30,Laki-laki,D3,Karyawan Tetap,11902523,72125693,60,Renovasi Rumah,558,2,0.65,12,320925248,Default
CUST000067,23,Perempuan,S1,PNS,27546258,84449178,60,Konsumsi,681,0,0.82,6,26343432,Tidak Default
CUST000068,56,Laki-laki,D3,Karyawan Tetap,45882253,49461890,48,Pendidikan,318,5,0.42,1,,Tidak Default
CUST000069,50,Perempuan,S2,Wiraswasta,16326042,173730612,24,Konsumsi,385,4,0.33,8,160155752,Tidak Default
CUST000070,31,Perempuan,SMA,PNS,33661176,120393688,48,Konsumsi,666,1,0.29,11,388955938,Default
CUST000071,60,Perempuan,S1,Freelancer,34265240,191898570,48,Renovasi Rumah,697,2,0.67,1,264075425,Tidak Default
CUST000072,24,Laki-laki,D3,Karyawan Tetap,39990424,249385159,48,Konsumsi,545,3,0.45,9,339920834,Default
CUST000073,32,Laki-laki,SMA,,30099735,255319437,24,Modal Usaha,398,1,0.41,11,369723286,Default
CUST000074,26,Perempuan,S1,Wiraswasta,36474586,155518181,48,Renovasi Rumah,327,2,0.33,0,137409496,Tidak Default
CUST000075,65,Laki-laki,SMA,Karyawan Kontrak,40976503,114640252,48,Kendaraan,830,1,0.55,6,104131107,Default
CUST000076,42,Perempuan,SMA,Karyawan Kontrak,,253741947,36,Pendidikan,356,1,0.63,4,,Tidak Default
CUST000077,22,Perempuan,D3,PNS,18908797,249432534,12,Pendidikan,770,4,0.28,9,335453079,Tidak Default
CUST000078,61,Perempuan,D3,Freelancer,37188407,157401297,12,Pendidikan,457,4,0.75,4,354458478,Tidak Default
CUST000079,60,Laki-laki,SMA,Freelancer,27924872,168098397,36,Konsumsi,527,4,0.63,12,251100545,Tidak Default
CUST000080,57,Perempuan,S1,Freelancer,17142957,246972480,36,Modal Usaha,834,3,0.82,6,469354407,Default
CUST000081,35,Laki-laki,S2,Karyawan Tetap,6625026,27979071,60,Pendidikan,649,1,0.12,10,377086724,Tidak Default
CUST000082,33,Perempuan,S2,Karyawan Tetap,49392834,293021841,48,Konsumsi,761,2,0.06,0,72356849,Tidak Default
CUST000083,62,Perempuan,S1,Karyawan Tetap,13027984,199840651,24,Modal Usaha,535,4,,10,430673441,Default
CUST000084,61,Laki-laki,SMA,Karyawan Kontrak,24445887,7373338,24,Kendaraan,631,2,0.25,5,29931374,Tidak Default
CUST000085,64,Perempuan,D3,Karyawan Tetap,35194286,279010585,12,Pendidikan,460,1,0.69,10,369160604,Default
CUST000086,56,Perempuan,S1,Karyawan Tetap,10344309,152680896,24,Konsumsi,697,3,0.1,7,491890164,Tidak Default
CUST000087,56,Laki-laki,SMA,Karyawan Tetap,33239439,140164597,12,Pendidikan,610,0,0.29,10,189392110,Tidak Default
CUST000088,55,Perempuan,D3,Karyawan Kontrak,46709266,206421028,60,Pendidikan,333,1,0.24,6,321935266,Default
CUST000089,51,Perempuan,D3,Karyawan Kontrak,21842450,155368549,24,Renovasi Rumah,493,4,0.48,12,334915316,Tidak Default
CUST000090,47,Laki-laki,D3,,45110888,133774692,12,Pendidikan,845,0,0.23,5,56600738,Tidak Default
CUST000091,64,Laki-laki,S1,Wiraswasta,33813987,86861839,48,Kendaraan,482,1,0.31,10,358361088,Tidak Default
CUST000092,49,Laki-laki,S2,Wiraswasta,8385412,215389402,36,Renovasi Rumah,400,2,0.65,8,459369228,Default
CUST000093,30,Perempuan,D3,PNS,6299583,269304850,48,Renovasi Rumah,464,4,0.57,5,189918856,Tidak Default
CUST000094,34,Perempuan,S2,Wiraswasta,9667153,272928511,48,Modal Usaha,357,4,0.15,7,,Default
CUST000095,38,Perempuan,,Karyawan Kontrak,43035575,71658077,36,Renovasi Rumah,700,4,0.38,0,252984523,Tidak Default
CUST000096,25,Perempuan,SMA,Freelancer,9027812,165723710,48,Pendidikan,328,3,0.69,4,22038407,Default
CUST000097,53,Perempuan,SMA,Karyawan Kontrak,6458809,28073611,48,Pendidikan,761,1,0.56,,76410944,Tidak Default
CUST000098,48,Laki-laki,D3,Karyawan Kontrak,15342645,87174300,60,Konsumsi,547,5,0.3,12,2621761,Tidak Default
CUST000099,24,Perempuan,SMA,Wiraswasta,28845485,269638881,36,Kendaraan,765,5,0.53,12,351662935,Tidak Default
CUST000100,35,Perempuan,S2,Wiraswasta,12473893,126451093,24,Pendidikan,506,1,0.23,5,375189060,Default
CUST000101,54,Laki-laki,S1,,42365186,66435960,24,Renovasi Rumah,456,3,0.74,0,155671111,Default
CUST000102,39,Laki-laki,S1,Wiraswasta,21501390,80545270,24,Pendidikan,559,1,0.06,11,128890707,Tidak Default
CUST000103,47,Perempuan,S2,Karyawan Kontrak,15484705,188661008,48,Renovasi Rumah,512,4,0.43,3,159008281,Default
CUST000104,47,Laki-laki,SMA,Wiraswasta,12155049,76265111,60,Kendaraan,576,2,0.08,5,93473228,Tidak Default
CUST000105,44,Perempuan,S2,PNS,9228048,178537974,48,Renovasi Rumah,571,1,0.23,8,,Tidak Default
CUST000106,31,Laki-laki,D3,Karyawan Tetap,31989258,116604085,48,Renovasi Rumah,774,2,0.83,12,167028109,Tidak Default
CUST000107,22,Laki-laki,SMA,Karyawan Kontrak,37138919,136142457,60,Pendidikan,369,5,0.31,5,,Tidak Default
CUST000108,48,Perempuan,SMA,Karyawan Kontrak,38482201,197312754,48,Konsumsi,542,5,0.7,2,202938793,Tidak Default
CUST000109,51,Laki-laki,SMA,PNS,36598311,226126140,60,Pendidikan,400,5,0.14,5,468148468,Tidak Default
CUST000110,50,Laki-laki,D3,Freelancer,23064973,28940555,36,Pendidikan,424,3,0.57,0,130262283,Default
CUST000111,49,Laki-laki,S2,Karyawan Kontrak,32018156,184882572,48,Renovasi Rumah,546,3,0.07,,325240661,Default
CUST000112,43,Perempuan,S2,PNS,19029671,53744820,36,Kendaraan,502,2,0.1,12,,Tidak Default
CUST000113,36,Laki-laki,D3,Freelancer,38912093,63199183,36,Modal Usaha,770,1,0.45,7,63582974,Tidak Default
CUST000114,40,Laki-laki,S1,Wiraswasta,44810096,45438026,24,Kendaraan,391,1,0.28,12,379562418,Default
CUST000115,42,Perempuan,S2,Wiraswasta,,117474213,24,Kendaraan,671,1,0.43,1,337063016,Tidak Default
CUST000116,58,Laki-laki,D3,Freelancer,35295856,234842945,48,Modal Usaha,639,2,0.13,8,164860334,Default
CUST000117,33,Perempuan,S2,PNS,32802790,30517243,12,Kendaraan,821,4,0.11,3,116139098,Tidak Default
CUST000118,50,Perempuan,D3,PNS,33569912,40473246,12,Pendidikan,353,5,0.9,0,199221187,Default
CUST000119,42,Perempuan,S1,Karyawan Tetap,47357258,189827904,36,Kendaraan,597,1,0.66,9,370470737,Tidak Default
CUST000120,36,Laki-laki,D3,Karyawan Kontrak,41699127,205799060,24,Pendidikan,801,2,0.58,,198461112,Tidak Default
CUST000121,47,Perempuan,S1,Freelancer,8196474,197660191,12,Konsumsi,798,1,0.13,7,363356441,Tidak Default
CUST000122,,Perempuan,S2,Karyawan Kontrak,33781070,44645804,12,Renovasi Rumah,750,5,0.64,8,376078273,Tidak Default
CUST000123,38,Laki-laki,S1,Freelancer,16372767,243456372,48,Pendidikan,422,2,0.89,1,351596920,Tidak Default
CUST000124,27,Perempuan,SMA,Wiraswasta,21790500,175189059,48,Pendidikan,833,3,0.12,6,239815922,Tidak Default
CUST000125,60,Perempuan,S1,Wiraswasta,16793855,192071476,48,Pendidikan,447,0,0.1,12,,Default
CUST000126,49,Laki-laki,D3,Karyawan Tetap,41102047,288335764,24,Pendidikan,836,1,0.87,6,238678425,Default
CUST000127,38,Laki-laki,S1,Freelancer,33541639,181787360,60,Modal Usaha,329,3,0.6,6,223046271,Default
CUST000128,49,Perempuan,S2,PNS,37674145,183763017,48,Pendidikan,411,3,0.3,0,,Tidak Default
CUST000129,63,Laki-laki,SMA,PNS,12266921,166433584,12,Kendaraan,588,4,0.51,8,129023232,Default
CUST000130,59,Laki-laki,SMA,Wiraswasta,18925067,166417446,60,Modal Usaha,733,4,0.79,7,220543833,Default
CUST000131,35,Perempuan,S1,Karyawan Tetap,38142702,221401554,60,Kendaraan,377,5,0.09,8,305018545,Tidak Default
CUST000132,33,Perempuan,S2,Wiraswasta,,49758487,60,Konsumsi,660,2,0.77,0,,Tidak Default
CUST000133,30,Laki-laki,SMA,Freelancer,26698486,127316601,12,Kendaraan,694,4,0.08,7,99589116,Tidak Default
CUST000134,33,Laki-laki,D3,Karyawan Tetap,19555643,186262593,12,Kendaraan,349,0,0.13,12,129516084,Tidak Default
CUST000135,45,Laki-laki,S2,Freelancer,30174498,209349233,36,Renovasi Rumah,552,4,0.76,11,135287649,Default
CUST000136,34,Perempuan,SMA,Freelancer,35899821,49963252,48,Modal Usaha,583,4,0.38,11,,Tidak Default
CUST000137,50,Laki-laki,S2,Freelancer,,48887567,48,Modal Usaha,799,3,0.22,0,308021618,Tidak Default
CUST000138,40,Perempuan,S2,Wiraswasta,6940759,44020719,48,Konsumsi,561,0,0.74,11,79734649,Default
CUST000139,39,Laki-laki,S1,Karyawan Kontrak,35962067,34925942,60,Kendaraan,843,0,0.45,3,,Tidak Default
CUST000140,53,Laki-laki,S2,Freelancer,24751549,135337286,36,Modal Usaha,309,2,0.63,8,94482773,Default
CUST000141,33,Perempuan,S2,Wiraswasta,32420146,274710165,12,Pendidikan,800,1,0.85,5,52296313,Tidak Default
CUST000142,24,Perempuan,S1,PNS,5269853,79311520,36,Kendaraan,380,2,0.23,6,202459649,Tidak Default
CUST000143,24,Laki-laki,D3,Karyawan Kontrak,38534489,147163940,60,Konsumsi,361,4,0.52,11,,Default
CUST000144,57,Laki-laki,S1,Wiraswasta,37683694,37765194,48,Modal Usaha,373,2,0.49,4,382526381,Tidak Default
CUST000145,31,Perempuan,D3,Karyawan Tetap,35287696,175969363,60,Kendaraan,779,5,0.85,7,134907410,Default
CUST000146,26,Laki-laki,S2,Wiraswasta,17543501,216505226,48,Pendidikan,330,4,0.83,2,,Default
CUST000147,55,Laki-laki,SMA,PNS,20835626,202778999,48,Renovasi Rumah,650,0,0.75,8,,Default
CUST000148,30,Laki-laki,S2,Wiraswasta,47822959,263205962,36,Konsumsi,350,2,0.8,6,97403393,Default
CUST000149,50,Perempuan,SMA,Karyawan Tetap,26044498,28657591,12,Renovasi Rumah,656,1,0.6,8,,Default
CUST000150,45,Laki-laki,SMA,Karyawan Tetap,4693675,285485027,24,Pendidikan,733,2,0.13,8,,Tidak Default
CUST000151,55,Laki-laki,D3,Karyawan Tetap,5088843,205002606,12,Renovasi Rumah,781,4,0.55,6,275216590,Default
CUST000152,23,Perempuan,S1,PNS,8562498,73573271,24,Konsumsi,341,4,0.19,11,,Default
CUST000153,43,Laki-laki,SMA,Freelancer,16685519,249989469,60,Kendaraan,,3,0.31,,84551231,Tidak Default
CUST000154,35,Perempuan,S1,Freelancer,38836556,201985065,60,Kendaraan,,3,0.67,6,471426195,Default
CUST000155,45,Laki-laki,S1,Karyawan Kontrak,39880039,285028200,48,Renovasi Rumah,588,4,0.28,,397694971,Tidak Default
CUST000156,,Laki-laki,D3,Freelancer,42966174,17481562,36,Konsumsi,790,2,0.68,10,36855640,Default
CUST000157,58,Laki-laki,S2,Karyawan Kontrak,3453766,201134103,48,Kendaraan,548,1,0.19,7,,Tidak Default
CUST000158,27,Laki-laki,SMA,Karyawan Kontrak,40113283,136321057,60,Renovasi Rumah,484,5,0.7,10,281688478,Tidak Default
CUST000159,32,Laki-laki,SMA,Karyawan Tetap,20467942,91982618,24,Modal Usaha,716,0,0.59,8,407048576,Default
CUST000160,49,Laki-laki,S1,Karyawan Kontrak,40825121,161073695,24,Konsumsi,405,1,0.13,8,115713704,Default
CUST000161,63,Laki-laki,D3,PNS,6551458,283530822,12,Pendidikan,323,2,0.59,12,308818269,Default
CUST000162,34,,S1,,30555575,30737630,36,Konsumsi,745,1,0.47,11,373401323,Tidak Default
CUST000163,34,Perempuan,SMA,Freelancer,45636053,15699578,36,Pendidikan,724,0,0.84,5,212435809,Default
CUST000164,61,Laki-laki,SMA,Freelancer,29458613,135863711,12,Pendidikan,457,1,,11,496450595,Default
CUST000165,24,Perempuan,S1,Karyawan Tetap,39003488,76508918,36,Pendidikan,815,2,0.45,5,,Tidak Default
CUST000166,59,Perempuan,SMA,PNS,26749234,28833586,24,Renovasi Rumah,333,4,0.75,9,54535863,Default
CUST000167,40,Perempuan,S2,Freelancer,23034847,88847373,24,Renovasi Rumah,643,3,0.27,12,139053895,Tidak Default
CUST000168,27,Perempuan,S2,Wiraswasta,36683502,155691913,36,Modal Usaha,405,5,0.24,8,424757822,Tidak Default
CUST000169,34,Laki-laki,D3,PNS,34585582,147061292,12,Renovasi Rumah,559,2,0.27,12,404021540,Tidak Default
CUST000170,32,Laki-laki,D3,Karyawan Kontrak,33496826,297601173,36,Konsumsi,591,1,0.48,10,121914809,Tidak Default
CUST000171,55,Perempuan,S1,Wiraswasta,16211437,170107564,12,Kendaraan,792,1,0.53,5,306634194,Default
CUST000172,62,Laki-laki,D3,Freelancer,43351624,81586514,36,Kendaraan,818,0,0.57,1,,Default
CUST000173,26,Laki-laki,SMA,Karyawan Tetap,47074994,248370325,48,Kendaraan,327,2,0.41,1,283375314,Tidak Default
CUST000174,32,Perempuan,SMA,PNS,41949302,101742731,36,Renovasi Rumah,497,3,0.1,12,,Default
CUST000175,55,Laki-laki,S1,Karyawan Kontrak,35406185,250924742,12,Renovasi Rumah,572,4,0.57,3,120903373,Tidak Default
CUST000176,47,Perempuan,S2,,8799698,205338041,36,Kendaraan,580,0,0.75,1,,Default
CUST000177,60,Laki-laki,SMA,Karyawan Tetap,40266724,42888710,24,Kendaraan,472,1,0.18,5,,Tidak Default
CUST000178,57,Perempuan,S2,Karyawan Tetap,27093567,71328536,60,Pendidikan,680,3,0.77,10,295287727,Default
CUST000179,25,Perempuan,S1,Karyawan Kontrak,5683477,236355875,48,Kendaraan,512,3,,11,144810704,Tidak Default
CUST000180,64,Laki-laki,S1,Freelancer,45890491,292123876,36,Pendidikan,472,4,0.82,3,341167944,Default
CUST000181,61,Perempuan,S2,Karyawan Tetap,16919130,79275697,36,Pendidikan,461,4,0.57,7,258309796,Tidak Default
CUST000182,27,Perempuan,SMA,Freelancer,37766753,136503922,48,Renovasi Rumah,681,5,0.74,6,382049523,Tidak Default
CUST000183,52,L@ki-l@ki,D3,Freelancer,9366846,259924699,24,Modal Usaha,471,0,0.7,7,46139103,Tidak Default
CUST000184,24,Perempuan,S2,PNS,24404727,201960739,60,Renovasi Rumah,570,1,,1,266076967,Default
CUST000185,54,Perempuan,D3,Wiraswasta,30989785,114601258,60,Konsumsi,508,3,0.68,9,400099033,Tidak Default
CUST000186,65,Perempuan,D3,Karyawan Tetap,47222988,147793081,60,Pendidikan,571,2,0.87,9,261610919,Default
CUST000187,38,Laki-laki,SMA,Karyawan Kontrak,31081865,173540328,36,Pendidikan,313,3,0.52,7,312286613,Default
CUST000188,27,Perempuan,S2,Wiraswasta,21282244,98117349,12,Modal Usaha,640,4,0.05,11,443115022,Tidak Default
CUST000189,55,Perempuan,D3,PNS,41324189,246031690,12,Konsumsi,823,2,0.65,4,,Tidak Default
CUST000190,30,Laki-laki,,Karyawan Tetap,34806153,25436395,36,Renovasi Rumah,563,2,0.46,,489340751,Tidak Default
CUST000191,53,Laki-laki,SMA,Wiraswasta,14590996,150372086,60,Konsumsi,353,0,,8,131219620,Default
CUST000192,,Laki-laki,S1,Karyawan Tetap,48491553,101902030,36,Modal Usaha,521,5,0.19,0,65537951,Tidak Default
CUST000193,64,Laki-laki,SMA,PNS,14156138,41714408,36,Renovasi Rumah,605,5,0.83,6,59655730,Default
CUST000194,43,Perempuan,S2,PNS,46491664,125124744,48,Modal Usaha,428,3,0.89,12,102417904,Default
CUST000195,30,Perempuan,D3,Karyawan Tetap,43604850,39145353,24,Pendidikan,708,2,0.84,2,,Tidak Default
CUST000196,61,Laki-laki,S2,Freelancer,12574475,29289954,12,Renovasi Rumah,352,0,0.78,2,227952573,Tidak Default
CUST000197,58,Laki-laki,S1,Freelancer,28212844,169074881,24,Pendidikan,585,3,0.29,6,422737416,Tidak Default
CUST000198,48,Perempuan,S1,,15894094,26811194,48,Modal Usaha,692,5,0.65,6,463230813,Default
CUST000199,51,Laki-laki,S1,Karyawan Tetap,37909120,50238039,60,Konsumsi,457,3,0.56,5,197173298,Tidak Default
CUST000200,44,Perempuan,S1,Karyawan Kontrak,43909973,255346114,24,Kendaraan,682,2,0.84,10,,Tidak Default
CUST000201,37,Perempuan,SMA,Karyawan Kontrak,45251607,259006567,48,Konsumsi,730,4,0.21,2,484812706,Tidak Default
CUST000202,34,Perempuan,SMA,Freelancer,13704564,105181084,12,Modal Usaha,411,0,0.89,7,250849683,Default
CUST000203,65,Perempuan,SMA,Freelancer,32831699,68743839,36,Modal Usaha,349,4,0.55,0,,Default
CUST000204,35,Perempuan,S2,Karyawan Kontrak,12024875,143653400,60,Konsumsi,419,2,0.69,8,445591227,Default
CUST000205,,Perempuan,S1,PNS,13458311,38865126,60,Kendaraan,657,5,0.36,10,426312246,Tidak Default
CUST000206,29,,S2,Wiraswasta,37283438,145178779,24,Kendaraan,784,4,0.4,9,168349164,Tidak Default
CUST000207,28,Perempuan,D3,Freelancer,15002523,5705769,24,Konsumsi,542,2,0.9,6,489176579,Default
CUST000208,56,Laki-laki,SMA,Karyawan Tetap,47887841,221965281,36,Konsumsi,702,3,0.25,2,302565068,Tidak Default
CUST000209,49,Laki-laki,S1,Karyawan Tetap,13872052,177903232,48,Renovasi Rumah,529,2,,5,254775054,Default
CUST000210,39,Laki-laki,S2,Karyawan Kontrak,8779014,125286999,36,Pendidikan,584,5,0.09,6,,Default
CUST000211,41,Perempuan,SMA,Karyawan Kontrak,37786102,166746414,36,Renovasi Rumah,489,5,0.76,1,432504471,Default
CUST000212,53,Perempuan,S1,Karyawan Tetap,37692791,189221541,48,Konsumsi,314,0,0.84,3,3650376,Default
CUST000213,35,Laki-laki,S1,Freelancer,26809730,66097355,12,Kendaraan,846,4,0.59,4,,Default
CUST000214,51,Perempuan,SMA,Wiraswasta,12198120,246150358,48,Konsumsi,809,3,0.16,1,357546859,Tidak Default
CUST000215,64,Perempuan,SMA,PNS,40061795,120503223,48,Kendaraan,307,3,0.32,1,155705005,Tidak Default
CUST000216,24,Laki-laki,SMA,Karyawan Kontrak,25579059,263808171,48,Pendidikan,784,5,0.38,2,69991314,Tidak Default
CUST000217,26,Laki-laki,SMA,Wiraswasta,33156457,188833121,12,Pendidikan,601,2,0.78,1,5257676,Default
CUST000218,64,Laki-laki,S1,Karyawan Tetap,49253846,63383725,36,Pendidikan,697,2,0.37,10,47069687,Tidak Default
CUST000219,36,Laki-laki,S2,PNS,47044124,142204332,36,Renovasi Rumah,531,1,0.36,3,245394437,Tidak Default
CUST000220,65,Perempuan,S1,PNS,47466248,285125408,24,Kendaraan,332,4,0.53,11,77273196,Default
CUST000221,54,Laki-laki,S1,Wiraswasta,25774946,284738996,24,Renovasi Rumah,621,0,0.74,10,,Default
CUST000222,33,Laki-laki,D3,Karyawan Kontrak,20247004,190028500,36,Renovasi Rumah,346,0,0.49,1,139761167,Tidak Default
CUST000223,47,Perempuan,S1,Freelancer,,284297552,36,Pendidikan,424,2,0.23,8,,Default
CUST000224,53,Perempuan,S1,Karyawan Kontrak,30417236,230404844,60,Konsumsi,301,4,0.46,6,,Default
CUST000225,43,Laki-laki,S2,Freelancer,33182641,290167509,36,Kendaraan,463,3,0.57,8,400732863,Tidak Default
CUST000226,64,Perempuan,S1,Karyawan Kontrak,9458358,134035533,36,Modal Usaha,616,3,0.08,5,418879711,Tidak Default
CUST000227,34,Perempuan,SMA,Karyawan Kontrak,11123211,119585023,24,Kendaraan,849,2,0.16,10,258801325,Default
CUST000228,49,Laki-laki,S2,Wiraswasta,49617590,59207598,36,Renovasi Rumah,724,1,0.78,1,172907106,Tidak Default
CUST000229,41,Perempuan,D3,Freelancer,49419808,155500223,24,Pendidikan,482,3,0.63,12,34305588,Tidak Default
CUST000230,35,Laki-laki,SMA,,36883661,92912439,48,Renovasi Rumah,733,5,0.77,8,325993324,Default
CUST000231,23,Perempuan,S2,Wiraswasta,38816105,103398625,60,Renovasi Rumah,574,2,0.13,8,394678353,Tidak Default
CUST000232,53,Laki-laki,D3,Wiraswasta,13396617,9832357,60,Modal Usaha,577,0,0.12,6,489419747,Default
CUST000233,45,Laki-laki,SMA,Wiraswasta,22648651,81998579,48,Pendidikan,349,5,0.14,1,,Default
CUST000234,36,Laki-laki,D3,Wiraswasta,8634841,29788085,24,Renovasi Rumah,629,1,0.48,2,142031279,Tidak Default
CUST000235,39,Perempuan,D3,PNS,41155475,85582641,60,Modal Usaha,355,4,0.25,1,377313563,Default
CUST000236,56,Laki-laki,SMA,Freelancer,39954275,24725947,12,Pendidikan,640,0,0.59,1,395344369,Default
CUST000237,24,Perempuan,,Freelancer,23563187,82411448,24,Modal Usaha,,4,0.5,3,,Tidak Default
CUST000238,49,Perempuan,SMA,PNS,27691127,179289851,36,Modal Usaha,423,1,0.15,3,150111597,Default
CUST000239,23,Laki-laki,D3,Wiraswasta,32070091,221507280,36,Konsumsi,848,0,0.35,4,317913566,Tidak Default
CUST000240,49,Perempuan,S2,PNS,23425752,201900356,12,Pendidikan,481,1,0.08,1,301032611,Tidak Default
CUST000241,24,Laki-laki,S2,Karyawan Tetap,15966663,56266913,60,Kendaraan,367,3,0.77,0,271345633,Default
CUST000242,48,Perempuan,S1,Karyawan Kontrak,41528985,140003517,48,Pendidikan,718,2,0.6,6,44211432,Default
CUST000243,39,Laki-laki,D3,,48674670,63211900,24,Konsumsi,503,1,0.7,5,,Default
CUST000244,65,Laki-laki,S1,Wiraswasta,49068088,117023108,12,Renovasi Rumah,809,1,0.77,0,143327082,Tidak Default
CUST000245,25,Perempuan,,Karyawan Tetap,8451183,236432647,36,Kendaraan,467,1,0.26,5,,Tidak Default
CUST000246,33,Perempuan,SMA,Freelancer,32478565,40199128,48,Kendaraan,428,2,0.63,9,425561445,Tidak Default
CUST000247,65,Laki-laki,S1,Wiraswasta,38551119,66227061,36,Renovasi Rumah,525,2,0.83,2,,Tidak Default
CUST000248,41,Perempuan,D3,Freelancer,38966184,119880240,12,Konsumsi,669,0,0.31,9,141269993,Tidak Default
CUST000249,53,Perempuan,S2,,22555417,28673813,48,Kendaraan,649,5,0.34,4,421217469,Default
CUST000250,28,Perempuan,SMA,Freelancer,21925676,65907173,24,Kendaraan,490,2,0.11,10,162825404,Default
CUST000251,33,Laki-laki,D3,Wiraswasta,32908851,38901423,36,Pendidikan,667,0,0.49,2,56363552,Tidak Default
CUST000252,65,Perempuan,SMA,Karyawan Tetap,26770097,38503514,48,Renovasi Rumah,787,5,0.76,9,320242136,Tidak Default
CUST000253,23,Laki-laki,S2,Karyawan Tetap,40229186,112873276,60,Konsumsi,813,3,0.5,0,23903332,Default
CUST000254,61,Laki-laki,S2,Karyawan Tetap,38841630,299504013,60,Modal Usaha,799,5,0.38,4,474327774,Tidak Default
CUST000255,58,Perempuan,S1,Karyawan Tetap,18393897,197043447,48,Pendidikan,416,0,0.24,0,,Default
CUST000256,65,Laki-laki,D3,,43951151,128731190,36,Kendaraan,376,4,0.42,8,35617118,Tidak Default
CUST000257,40,Perempuan,S1,Karyawan Tetap,14574423,164653716,60,Konsumsi,515,0,0.75,10,35441218,Tidak Default
CUST000258,41,Perempuan,S1,Freelancer,47595338,234116625,60,Pendidikan,362,1,0.37,10,127758578,Tidak Default
CUST000259,65,Laki-laki,S1,Freelancer,6268596,284619182,24,Konsumsi,734,1,0.55,12,235709518,Default
CUST000260,45,Laki-laki,D3,Karyawan Tetap,11966758,79076558,36,Konsumsi,647,0,0.61,3,179348539,Tidak Default
CUST000261,30,Perempuan,S1,PNS,17995733,161372685,48,Kendaraan,850,5,0.52,10,392542840,Default
CUST000262,29,Perempuan,S2,Karyawan Kontrak,23980682,192358315,12,Pendidikan,694,4,0.48,7,9309928,Default
CUST000263,55,Perempuan,S2,Karyawan Tetap,20861035,293102084,24,Modal Usaha,506,4,0.89,11,444884649,Default
CUST000264,58,Laki-laki,SMA,Freelancer,31011300,143258275,60,Pendidikan,762,2,0.17,12,156406204,Tidak Default
CUST000265,34,Laki-laki,S1,PNS,33163523,169742782,36,Modal Usaha,,3,0.88,2,60910594,Tidak Default
CUST000266,32,Laki-laki,S1,Freelancer,47667699,226961487,24,Kendaraan,835,5,0.17,2,,Tidak Default
CUST000267,33,Laki-laki,S1,PNS,38777287,232161614,12,Kendaraan,597,1,0.71,0,349518529,Tidak Default
CUST000268,53,Perempuan,SMA,PNS,31667217,258602193,12,Modal Usaha,776,4,0.76,10,169278102,Default
CUST000269,35,Laki-laki,SMA,Wiraswasta,40002727,257292378,24,Pendidikan,787,0,0.14,0,,Tidak Default
CUST000270,46,Perempuan,S1,Freelancer,45542117,151411210,60,Pendidikan,497,3,0.28,,298263521,Tidak Default
CUST000271,57,Laki-laki,D3,Wiraswasta,16041905,205736145,24,Kendaraan,698,1,0.87,1,79005226,Tidak Default
CUST000272,23,Perempuan,S2,Karyawan Tetap,48101050,102924653,60,Pendidikan,719,5,0.82,1,341435378,Tidak Default
CUST000273,59,Perempuan,S2,PNS,46318888,103976212,60,Modal Usaha,809,2,0.77,10,357480423,Tidak Default
CUST000274,59,Laki-laki,,Wiraswasta,9661055,274941773,24,Pendidikan,423,4,0.69,0,465542534,Default
CUST000275,50,Perempuan,S1,Karyawan Tetap,41735721,86874748,36,Konsumsi,538,4,0.66,11,154729305,Tidak Default
CUST000276,53,Laki-laki,S2,Freelancer,49753412,17423869,48,Pendidikan,400,4,0.44,9,178699104,Default
CUST000277,48,Perempuan,S1,Wiraswasta,10877886,224018980,48,Modal Usaha,705,3,0.53,12,119323658,Default
CUST000278,54,Perempuan,D3,Freelancer,33999245,62498902,24,Modal Usaha,824,1,0.82,0,84594999,Tidak Default
CUST000279,60,Perempuan,D3,Karyawan Kontrak,45376626,67669038,24,Modal Usaha,556,5,0.5,0,150057144,Tidak Default
CUST000280,24,Perempuan,S1,Karyawan Tetap,9423455,227037818,24,Kendaraan,387,1,0.17,10,386900698,Tidak Default
CUST000281,65,Perempuan,S2,Freelancer,33078047,7617081,36,Konsumsi,621,3,0.64,4,,Default
CUST000282,45,Perempuan,S1,Wiraswasta,20158517,13987405,12,Renovasi Rumah,480,1,0.53,7,189778725,Default
CUST000283,48,,S1,Freelancer,38118690,36562574,24,Kendaraan,548,4,0.85,11,373510061,Default
CUST000284,24,Laki-laki,SMA,PNS,4150558,177475166,60,Renovasi Rumah,472,0,0.16,9,2567994,Default
CUST000285,51,Perempuan,D3,Karyawan Kontrak,46812822,93662965,60,Pendidikan,563,1,0.25,,,Tidak Default
CUST000286,45,Perempuan,S1,Wiraswasta,12891771,264454174,24,Pendidikan,648,1,0.56,2,235074679,Tidak Default
CUST000287,60,Laki-laki,S2,Wiraswasta,4248175,206239064,12,Konsumsi,381,1,0.89,10,462424464,Tidak Default
CUST000288,33,Laki-laki,D3,Freelancer,45604058,67432928,48,Kendaraan,761,0,0.22,6,150238807,Tidak Default
CUST000289,36,Laki-laki,D3,PNS,48004929,143101587,48,Modal Usaha,838,5,0.48,12,201886251,Tidak Default
CUST000290,23,Perempuan,SMA,Karyawan Tetap,16336373,132609410,24,Modal Usaha,417,2,0.69,1,29726318,Default
CUST000291,46,Perempuan,,Karyawan Tetap,3467064,90282404,60,Kendaraan,398,5,0.57,2,65561338,Default
CUST000292,32,Perempuan,S1,Karyawan Tetap,23983466,76687221,24,Konsumsi,597,0,0.16,,263211175,Tidak Default
CUST000293,51,Laki-laki,S2,Freelancer,11588339,199067914,48,Kendaraan,720,2,0.23,11,487884415,Default
CUST000294,45,Laki-laki,S2,Freelancer,34713676,40589077,24,Konsumsi,607,4,0.21,7,263908299,Tidak Default
CUST000295,58,Laki-laki,D3,Freelancer,37470708,100550581,12,Konsumsi,414,0,0.83,9,301924323,Default
CUST000296,49,Laki-laki,S2,Freelancer,21702813,89902355,36,Kendaraan,482,5,0.76,12,473914207,Tidak Default
CUST000297,32,Laki-laki,SMA,Wiraswasta,7886768,294097335,60,Pendidikan,,1,0.17,5,492129126,Default
CUST000298,25,Perempuan,D3,Wiraswasta,40614466,85022035,60,Konsumsi,615,0,0.08,3,436576728,Tidak Default
CUST000299,31,Laki-laki,SMA,Wiraswasta,39047953,161432584,24,Kendaraan,343,5,0.46,4,,Default
CUST000300,56,Perempuan,S1,Karyawan Tetap,41893720,77784282,12,Konsumsi,498,4,0.13,8,,Tidak Default
CUST000301,23,Laki-laki,S1,Karyawan Tetap,25234189,277848836,12,Kendaraan,710,4,0.14,11,293796652,Tidak Default
CUST000302,23,Perempuan,D3,Freelancer,40858359,295929233,12,Pendidikan,795,1,0.82,4,222534013,Tidak Default
CUST000303,58,Perempuan,S2,PNS,28419406,210962972,48,Pendidikan,531,0,0.53,0,237002103,Tidak Default
CUST000304,39,Perempuan,SMA,Wiraswasta,41143252,203920579,12,Modal Usaha,556,2,0.43,4,24960443,Default
CUST000305,31,Perempuan,S2,Freelancer,16361371,50805854,60,Modal Usaha,611,4,0.26,4,478376657,Tidak Default
CUST000306,25,Laki-laki,SMA,Wiraswasta,31157537,33599896,24,Modal Usaha,834,5,,9,446400875,Tidak Default
CUST000307,52,Perempuan,S1,Karyawan Kontrak,6381371,69564837,12,Konsumsi,790,4,,9,,Tidak Default
CUST000308,23,Perempuan,,Freelancer,9462890,98122866,12,Pendidikan,625,5,0.56,,413016279,Tidak Default
CUST000309,28,Perempuan,S1,Freelancer,16786709,228698814,12,Renovasi Rumah,450,4,0.18,8,430685836,Tidak Default
CUST000310,56,Perempuan,S1,Freelancer,23336288,23564536,36,Kendaraan,603,5,0.71,0,239177201,Tidak Default
CUST000311,44,Perempuan,SMA,Karyawan Kontrak,42922318,264193005,24,Kendaraan,770,3,0.67,12,255045943,Default
CUST000312,34,Perempuan,S1,Freelancer,42205538,136445319,36,Pendidikan,448,2,0.82,2,374805205,Default
CUST000313,62,Laki-laki,S2,Wiraswasta,34379076,253781018,48,Renovasi Rumah,547,0,0.7,12,,Default
CUST000314,26,Perempuan,S2,PNS,22177228,117203792,12,Modal Usaha,688,0,0.27,10,45839107,Default
CUST000315,27,Laki-laki,S2,PNS,30212569,60651571,48,Konsumsi,573,0,0.77,2,183960925,Default
CUST000316,53,Laki-laki,S2,Karyawan Tetap,45491743,247632965,36,Pendidikan,600,5,0.28,3,256251388,Tidak Default
CUST000317,64,Perempuan,D3,,15836451,166436599,48,Renovasi Rumah,608,1,,11,468898861,Default
CUST000318,29,Laki-laki,D3,Freelancer,5491732,49427340,60,Konsumsi,393,4,0.3,4,349776121,Default
CUST000319,38,Laki-laki,SMA,PNS,7987837,30705720,60,Kendaraan,842,0,0.57,12,112829346,Default
CUST000320,37,Perempuan,S1,Freelancer,12812062,6461092,60,Modal Usaha,326,4,0.83,2,270906077,Default
CUST000321,63,Laki-laki,D3,Freelancer,39150692,63275154,12,Kendaraan,672,1,0.05,2,280201745,Tidak Default
CUST000322,65,laki-laki,S2,Freelancer,14323442,221685087,48,Kendaraan,844,4,,7,420541061,Tidak Default
CUST000323,64,Laki-laki,SMA,Wiraswasta,14782031,251208685,24,Kendaraan,844,1,0.7,1,178318135,Tidak Default
CUST000324,26,Laki-laki,D3,Wiraswasta,23860560,264901258,24,Renovasi Rumah,477,4,0.17,0,82118685,Tidak Default
CUST000325,40,Laki-laki,S2,Karyawan Tetap,19196785,153251005,48,Pendidikan,762,4,0.27,8,247313933,Default
CUST000326,56,Laki-laki,S2,Freelancer,23294402,18977506,12,Kendaraan,465,4,0.49,6,202088857,Default
CUST000327,27,Laki-laki,S1,Karyawan Tetap,16709972,247046398,12,Pendidikan,431,3,0.73,4,340319296,Tidak Default
CUST000328,65,Perempuan,S1,Karyawan Kontrak,44406200,32155852,24,Renovasi Rumah,N/A,2,0.41,12,96700114,Tidak Default
CUST000329,64,Perempuan,D3,Wiraswasta,17510278,282882461,60,Renovasi Rumah,849,4,0.68,5,372231996,Tidak Default
CUST000330,37,Laki-laki,D3,Karyawan Kontrak,31547956,100874504,24,Pendidikan,330,5,0.61,3,359674351,Default
CUST000331,65,Laki-laki,SMA,PNS,3130454,133705812,12,Pendidikan,,4,0.84,6,250435340,Tidak Default
CUST000332,62,Perempuan,SMA,Karyawan Kontrak,4161346,34674216,60,Pendidikan,705,3,0.79,4,498136129,Default
CUST000333,61,Perempuan,S1,Karyawan Kontrak,26348749,43685351,12,Pendidikan,613,5,0.78,0,205569086,Tidak Default
CUST000334,41,Perempuan,S1,Wiraswasta,32823216,104045994,60,Modal Usaha,768,2,0.16,0,311239013,Tidak Default
CUST000335,35,Laki-laki,SMA,PNS,49311234,27633075,12,Konsumsi,731,1,0.61,9,493459532,Tidak Default
CUST000336,41,Perempuan,SMA,Karyawan Kontrak,10013052,174121026,12,Renovasi Rumah,594,3,0.74,10,43902745,Tidak Default
CUST000337,54,Perempuan,D3,Karyawan Tetap,5334021,151939488,24,Modal Usaha,798,2,0.74,7,29971178,Default
CUST000338,61,Perempuan,SMA,Freelancer,12014625,192070785,24,Konsumsi,809,3,0.19,1,442907479,Tidak Default
CUST000339,52,Laki-laki,S2,Karyawan Tetap,5698190,86312525,12,Pendidikan,736,3,0.59,8,459528023,Default
CUST000340,34,Laki-laki,D3,Karyawan Tetap,29446695,85109471,48,Konsumsi,327,1,0.25,,429938808,Tidak Default
CUST000341,59,Laki-laki,S1,PNS,35932693,132613559,24,Modal Usaha,441,3,0.19,11,156442598,Default
CUST000342,46,,D3,PNS,14033834,297044753,12,Pendidikan,604,3,0.24,9,,Tidak Default
CUST000343,26,Perempuan,D3,Wiraswasta,43761422,284983827,36,Kendaraan,460,2,0.08,9,478461306,Tidak Default
CUST000344,29,Perempuan,D3,Karyawan Tetap,36863256,239663824,36,Konsumsi,593,3,,9,226875813,Default
CUST000345,28,Perempuan,SMA,Wiraswasta,26165061,277128251,24,Pendidikan,586,0,0.45,7,499213922,Tidak Default
CUST000346,61,Laki-laki,S2,Wiraswasta,10026000,13180451,12,Kendaraan,415,1,0.49,12,87408619,Tidak Default
CUST000347,45,Perempuan,S1,Karyawan Tetap,19278018,201349054,36,Pendidikan,621,0,0.15,10,151292857,Default
CUST000348,57,Laki-laki,S1,PNS,11331585,269595703,48,Renovasi Rumah,494,5,0.31,4,26471672,Default
CUST000349,51,Perempuan,S2,Karyawan Tetap,6008677,89265069,48,Konsumsi,614,5,0.85,3,385889617,Tidak Default
CUST000350,49,Laki-laki,D3,Karyawan Kontrak,21135188,220505168,36,Konsumsi,377,3,0.11,9,,Tidak Default
CUST000351,28,Perempuan,S1,Karyawan Tetap,13220851,167357129,24,Pendidikan,661,2,0.43,9,4332104,Tidak Default
CUST000352,58,Perempuan,SMA,Karyawan Kontrak,28324414,22818221,24,Konsumsi,350,5,0.71,6,125724847,Default
CUST000353,39,Laki-laki,SMA,PNS,27951530,48847138,48,Konsumsi,514,3,0.59,5,322386921,Default
CUST000354,55,Laki-laki,D3,Wiraswasta,4030353,117080746,48,Kendaraan,723,4,0.6,3,194499764,Tidak Default
CUST000355,53,Laki-laki,D3,Freelancer,45123271,184252655,48,Modal Usaha,705,3,0.83,10,218169965,Tidak Default
CUST000356,55,Laki-laki,SMA,Freelancer,20341404,248227283,36,Konsumsi,386,3,0.21,4,493254490,Default
CUST000357,29,Perempuan,D3,Karyawan Tetap,,139541211,60,Kendaraan,555,0,0.51,8,109127229,Default
CUST000358,30,Perempuan,S1,Karyawan Tetap,22527653,66120327,60,Konsumsi,729,0,0.51,1,,Tidak Default
CUST000359,39,Laki-laki,SMA,Wiraswasta,34419834,261297054,48,Pendidikan,414,0,0.7,10,86057960,Default
CUST000360,60,Laki-laki,D3,PNS,40663723,102263461,48,Pendidikan,680,3,,6,,Tidak Default
CUST000361,55,Perempuan,S2,Freelancer,10818408,105610005,48,Renovasi Rumah,405,2,0.66,5,73595910,Default
CUST000362,23,Perempuan,D3,Freelancer,15440984,208599156,60,Renovasi Rumah,745,4,0.56,2,173912167,Tidak Default
CUST000363,31,Perempuan,D3,Freelancer,45030920,154370667,60,Modal Usaha,522,1,0.7,3,496514445,Tidak Default
CUST000364,63,Perempuan,D3,Freelancer,31044987,102374783,60,Pendidikan,820,0,0.72,6,209769490,Tidak Default
CUST000365,62,Perempuan,S2,PNS,41542993,123544828,48,Renovasi Rumah,517,5,0.85,12,44611216,Default
CUST000366,42,Laki-laki,D3,PNS,4232120,129706875,12,Konsumsi,586,0,0.7,8,,Default
CUST000367,45,Laki-laki,S1,Karyawan Tetap,24810305,59558964,36,Modal Usaha,799,4,0.73,5,76691582,Default
CUST000368,58,Laki-laki,S1,Karyawan Kontrak,26671645,215327645,48,Modal Usaha,777,3,,7,,Tidak Default
CUST000369,42,Laki-laki,S1,Freelancer,48091182,168847681,48,Renovasi Rumah,302,2,0.71,2,270703184,Tidak Default
CUST000370,48,Perempuan,S2,PNS,39175592,191528378,60,Konsumsi,580,3,0.21,4,469764386,Tidak Default
CUST000371,46,Laki-laki,SMA,Wiraswasta,34427420,242701371,36,Renovasi Rumah,379,4,0.75,4,293376534,Default
CUST000372,26,Perempuan,D3,Karyawan Tetap,24655473,88246466,12,Pendidikan,688,5,0.61,10,,Tidak Default
CUST000373,63,Laki-laki,SMA,Karyawan Kontrak,24853173,246478854,48,Konsumsi,377,5,0.23,5,446150802,Tidak Default
CUST000374,61,Laki-laki,S2,Freelancer,49914600,143041828,36,Kendaraan,,4,,2,63576668,Default
CUST000375,61,Laki-laki,S1,Karyawan Tetap,41562132,73280175,36,Kendaraan,414,2,0.65,0,356416822,Tidak Default
CUST000376,32,Perempuan,SMA,Karyawan Tetap,16536628,76611924,12,Kendaraan,553,0,0.18,6,103815281,Tidak Default
CUST000377,58,Laki-laki,S2,Wiraswasta,18173415,103052004,36,Kendaraan,832,4,0.59,12,25095659,Tidak Default
CUST000378,39,Perempuan,SMA,Karyawan Tetap,17161804,234150281,24,Pendidikan,630,4,0.43,4,16270034,Tidak Default
CUST000379,40,Perempuan,D3,Karyawan Kontrak,36107258,261390577,48,Konsumsi,644,1,0.4,11,245309539,Tidak Default
CUST000380,63,Perempuan,D3,Karyawan Kontrak,4955708,17991937,24,Renovasi Rumah,544,2,0.76,3,470107923,Default
CUST000381,57,Perempuan,D3,Karyawan Kontrak,31369543,87775634,48,Pendidikan,524,5,0.17,0,,Tidak Default
CUST000382,,Laki-laki,SMA,Wiraswasta,36509355,249407559,60,Pendidikan,828,4,0.68,9,86685739,Tidak Default
CUST000383,47,Perempuan,D3,Karyawan Kontrak,20190468,160125206,24,Modal Usaha,532,3,0.26,5,150032041,Tidak Default
CUST000384,49,Laki-laki,D3,,3630480,122059517,36,Modal Usaha,521,3,0.07,11,464499475,Tidak Default
CUST000385,52,Perempuan,S1,Freelancer,4128398,275589494,60,Renovasi Rumah,823,2,0.61,12,39775720,Tidak Default
CUST000386,22,Laki-laki,SMA,,11501132,227170403,12,Modal Usaha,834,0,0.74,12,284558649,Tidak Default
CUST000387,35,Laki-laki,S2,Wiraswasta,10908449,171890129,60,Konsumsi,525,4,,3,141304548,Default
CUST000388,48,Laki-laki,SMA,Karyawan Kontrak,7606335,209880757,36,Modal Usaha,594,3,0.57,8,89032702,Tidak Default
CUST000389,44,Laki-laki,S2,PNS,43408099,237750667,48,Pendidikan,526,3,,1,441678526,Tidak Default
CUST000390,33,Perempuan,S1,Karyawan Kontrak,3431618,280644120,24,Renovasi Rumah,570,0,0.8,4,228403270,Default
CUST000391,51,Perempuan,S1,Karyawan Kontrak,38095469,289132859,12,Kendaraan,652,1,0.21,5,296204957,Tidak Default
CUST000392,58,Laki-laki,D3,Freelancer,6698968,148667782,12,Kendaraan,353,2,0.15,7,308603096,Default
CUST000393,40,Perempuan,S2,Karyawan Tetap,27267617,91975676,12,Modal Usaha,366,5,0.66,4,495777634,Tidak Default
CUST000394,64,laki-laki,D3,Karyawan Tetap,10073743,95333839,12,Konsumsi,818,5,0.37,2,340525336,Tidak Default
CUST000395,44,Laki-laki,S1,Karyawan Kontrak,6795708,207070881,48,Modal Usaha,637,5,0.28,5,115443435,Tidak Default
CUST000396,35,Perempuan,S1,Freelancer,24256439,62521204,24,Pendidikan,660,3,0.55,4,52740297,Tidak Default
CUST000397,58,Laki-laki,SMA,Wiraswasta,38440146,55212925,36,Konsumsi,831,0,0.85,10,9826221,Tidak Default
CUST000398,46,,SMA,Karyawan Tetap,47830217,222937795,48,Pendidikan,416,1,0.73,10,,Tidak Default
CUST000399,36,Laki-laki,S1,Karyawan Kontrak,19853680,69422790,12,Renovasi Rumah,707,3,0.6,2,161034756,Default
CUST000400,55,Perempuan,S2,Karyawan Tetap,27584345,245000001,36,Renovasi Rumah,832,0,0.84,2,210784613,Tidak Default
CUST000401,64,Perempuan,S1,Wiraswasta,16383120,54152990,60,Modal Usaha,846,5,0.19,9,479894527,Tidak Default
CUST000402,29,Laki-laki,S1,Karyawan Tetap,44455102,140542767,48,Pendidikan,433,2,0.37,11,338637154,Default
CUST000403,27,Laki-laki,SMA,PNS,,111860207,60,Pendidikan,829,0,0.39,2,459812196,Tidak Default
CUST000404,26,Perempuan,SMA,Karyawan Kontrak,12317083,98121876,48,Pendidikan,384,1,0.08,1,221535871,Default
CUST000405,25,Laki-laki,D3,Wiraswasta,5071122,89089681,24,Renovasi Rumah,814,3,0.63,4,486996787,Tidak Default
CUST000406,33,Perempuan,D3,Karyawan Kontrak,26495634,270318779,24,Modal Usaha,625,5,0.43,3,90957402,Default
CUST000407,23,Laki-laki,SMA,Karyawan Tetap,20581736,81159978,60,Pendidikan,,2,0.75,7,234165778,Default
CUST000408,24,Laki-laki,SMA,Freelancer,48005388,184830805,60,Konsumsi,813,0,0.3,11,179713702,Tidak Default
CUST000409,60,Perempuan,SMA,Karyawan Tetap,13514859,108391842,24,Konsumsi,776,1,0.2,8,320131964,Tidak Default
CUST000410,58,LAKI-LAKI,S2,Wiraswasta,31514584,108157511,48,Renovasi Rumah,728,1,0.17,3,,Tidak Default
CUST000411,65,Perempuan,D3,Freelancer,11148266,280797439,48,Renovasi Rumah,682,3,0.34,8,299867261,Tidak Default
CUST000412,44,Perempuan,S2,Wiraswasta,39293546,51388915,60,Konsumsi,524,3,0.73,12,327731213,Default
CUST000413,55,Laki-laki,S2,PNS,44513215,133718053,24,Pendidikan,345,5,0.35,0,407127145,Tidak Default
CUST000414,62,Laki-laki,S1,Karyawan Kontrak,,285292577,60,Pendidikan,555,5,0.56,4,128937438,Default
CUST000415,62,Perempuan,SMA,Freelancer,16479192,137336318,48,Renovasi Rumah,625,0,0.89,7,201623044,Tidak Default
CUST000416,46,Laki-laki,SMA,Freelancer,21884204,54131725,12,Konsumsi,566,4,0.62,4,201507879,Default
CUST000417,28,perempuan,SMA,Karyawan Kontrak,27877717,104169553,48,Renovasi Rumah,366,4,0.72,9,425138913,Default
CUST000418,44,Perempuan,,Karyawan Kontrak,35152769,245568125,24,Pendidikan,695,4,0.75,,172944411,Tidak Default
CUST000419,40,Perempuan,D3,PNS,43417244,258204750,36,Renovasi Rumah,480,4,0.45,6,162723675,Default
CUST000420,37,Laki-laki,D3,Karyawan Kontrak,47036296,99852388,36,Konsumsi,583,1,0.37,5,393047656,Tidak Default
CUST000421,38,Perempuan,S1,,39998219,151183230,48,Kendaraan,756,3,,12,,Tidak Default
CUST000422,23,Perempuan,D3,Karyawan Tetap,9784115,138505652,24,Modal Usaha,771,5,0.69,8,175198115,Default
CUST000423,37,Perempuan,S2,Freelancer,34126489,146080628,12,Konsumsi,417,1,,8,449478840,Default
CUST000424,47,Laki-laki,D3,Freelancer,42590139,92476761,60,Modal Usaha,720,2,0.14,10,106808855,Tidak Default
CUST000425,52,Perempuan,S2,Freelancer,21107755,223652223,12,Konsumsi,422,3,0.78,5,186667466,Default
CUST000426,27,Laki-laki,D3,Freelancer,33701571,87048935,60,Modal Usaha,630,1,0.44,6,245246873,Tidak Default
CUST000427,55,Perempuan,S1,Freelancer,10613873,185218603,36,Kendaraan,777,2,0.19,1,256607863,Tidak Default
CUST000428,47,Perempuan,D3,Karyawan Tetap,26059198,64624033,60,Konsumsi,463,4,0.12,1,64290507,Tidak Default
CUST000429,26,Perempuan,S1,PNS,24883104,231598502,60,Kendaraan,312,3,0.5,12,96028955,Default
CUST000430,30,Laki-laki,SMA,Wiraswasta,35691332,209305761,24,Renovasi Rumah,666,3,0.62,2,240699952,Tidak Default
CUST000431,47,,S2,Wiraswasta,27110328,235113250,36,Konsumsi,585,0,0.33,6,167418091,Tidak Default
CUST000432,59,Laki-laki,S1,Karyawan Tetap,20731178,97361176,12,Konsumsi,702,4,0.38,7,211538881,Tidak Default
CUST000433,48,Perempuan,D3,Karyawan Kontrak,26257349,235612759,12,Modal Usaha,701,3,0.18,4,1523590,Tidak Default
CUST000434,48,Laki-laki,S2,Freelancer,15095505,13266571,48,Renovasi Rumah,466,4,0.62,4,456004061,Default
CUST000435,55,Perempuan,S1,PNS,48105238,201158998,24,Kendaraan,536,3,0.87,10,242154871,Default
CUST000436,27,Perempuan,SMA,Wiraswasta,29019769,58379762,12,Modal Usaha,784,3,0.64,0,275384935,Tidak Default
CUST000437,59,Perempuan,S1,Karyawan Tetap,18911898,129985296,24,Konsumsi,513,5,0.11,11,471472714,Tidak Default
CUST000438,41,Perempuan,S2,Freelancer,32571889,13192374,12,Renovasi Rumah,589,3,0.13,,432276045,Tidak Default
CUST000439,56,L@ki-l@ki,S1,PNS,35710281,203650964,36,Kendaraan,673,2,0.09,0,185072251,Tidak Default
CUST000440,30,,SMA,Wiraswasta,8650080,48803012,12,Kendaraan,529,2,0.54,11,155629924,Default
CUST000441,29,Perempuan,,PNS,13152453,219439126,60,Konsumsi,423,1,0.21,1,26904982,Default
CUST000442,28,Laki-laki,SMA,Karyawan Tetap,11180004,6127913,60,Pendidikan,786,4,0.08,12,277925592,Default
CUST000443,54,Perempuan,D3,PNS,16781520,72114537,48,Konsumsi,805,1,0.32,12,447039684,Tidak Default
CUST000444,26,Perempuan,D3,Freelancer,28588378,238492120,48,Renovasi Rumah,422,2,0.47,4,119474187,Tidak Default
CUST000445,64,Laki-laki,SMA,PNS,37607187,217356209,12,Kendaraan,626,4,0.38,10,473084684,Default
CUST000446,44,Perempuan,D3,Karyawan Kontrak,48790347,23322230,24,Kendaraan,753,2,,4,406070109,Tidak Default
CUST000447,64,Perempuan,D3,PNS,46525913,141824703,60,Renovasi Rumah,428,4,0.42,6,480204108,Default
CUST000448,63,Perempuan,D3,Karyawan Kontrak,20413293,192375163,24,Konsumsi,355,4,0.66,11,,Default
CUST000449,57,Laki-laki,D3,Wiraswasta,31294378,58175131,12,Kendaraan,389,1,0.74,7,,Default
CUST000450,28,Perempuan,D3,PNS,24756723,231727383,36,Pendidikan,599,3,0.08,0,,Tidak Default
CUST000451,64,Laki-laki,D3,Freelancer,7903318,213745842,24,Modal Usaha,651,2,,5,223795486,Tidak Default
CUST000452,60,Laki-laki,D3,Freelancer,41696732,56719012,60,Konsumsi,798,4,0.1,9,397049575,Default
CUST000453,58,Laki-laki,S1,Karyawan Kontrak,31073366,51118150,12,Kendaraan,612,5,0.33,0,341512340,Tidak Default
CUST000454,41,Perempuan,S2,Karyawan Kontrak,6404509,289145322,60,Modal Usaha,600,0,0.06,4,427952859,Tidak Default
CUST000455,,Laki-laki,D3,Karyawan Kontrak,7804112,222539923,36,Kendaraan,508,5,0.22,6,358154348,Tidak Default
CUST000456,25,Laki-laki,S1,Karyawan Kontrak,48920597,222963232,60,Konsumsi,340,1,0.2,6,167233697,Default
CUST000457,25,Laki-laki,S2,PNS,45973932,188349901,24,Konsumsi,542,3,0.49,8,36146855,Default
CUST000458,26,,D3,Karyawan Kontrak,38583886,146126671,36,Kendaraan,310,2,0.62,3,301043762,Default
CUST000459,53,Perempuan,S1,Karyawan Tetap,46146652,5429300,24,Pendidikan,553,1,0.27,5,100162829,Tidak Default
CUST000460,50,Laki-laki,SMA,Wiraswasta,10621436,142863456,36,Kendaraan,629,4,0.24,,105267435,Tidak Default
CUST000461,25,Laki-laki,SMA,Freelancer,39981704,159872102,36,Pendidikan,348,0,0.36,5,328400334,Default
CUST000462,36,Laki-laki,S1,PNS,,101343620,24,Kendaraan,642,4,0.83,4,217080851,Tidak Default
CUST000463,58,Laki-laki,D3,,23518762,278110278,60,Konsumsi,560,2,0.55,10,254016220,Default
CUST000464,48,Laki-laki,S1,Karyawan Tetap,34641343,91966022,12,Pendidikan,541,4,0.13,10,307419696,Default
CUST000465,64,Laki-laki,S2,Wiraswasta,43129508,99830084,48,Kendaraan,522,1,0.58,9,474597306,Default
CUST000466,54,Perempuan,SMA,Karyawan Kontrak,40855110,130232866,24,Renovasi Rumah,840,3,0.73,10,128427906,Default
CUST000467,61,Perempuan,D3,Wiraswasta,35542460,197149875,48,Modal Usaha,824,3,0.6,6,489121658,Tidak Default
CUST000468,29,Perempuan,S2,PNS,47647453,186472662,12,Konsumsi,838,3,0.8,6,300195946,Tidak Default
CUST000469,48,Laki-laki,,Wiraswasta,14722618,247098771,24,Kendaraan,474,3,0.24,1,103970896,Tidak Default
CUST000470,40,Perempuan,S2,Karyawan Kontrak,15503787,232609832,48,Kendaraan,625,4,0.07,1,310034625,Tidak Default
CUST000471,63,Perempuan,S2,Freelancer,41768423,229035976,36,Kendaraan,404,4,0.76,12,17288371,Default
CUST000472,56,Laki-laki,SMA,Karyawan Tetap,11799113,244403104,12,Konsumsi,808,4,0.54,4,271547735,Tidak Default
CUST000473,,Perempuan,SMA,Karyawan Kontrak,12447451,219996441,24,Konsumsi,746,5,0.08,6,411870139,Tidak Default
CUST000474,29,Perempuan,SMA,PNS,17897587,294561767,60,Konsumsi,838,2,0.18,4,,Tidak Default
CUST000475,39,Laki-laki,S2,Karyawan Tetap,6517634,246024787,12,Kendaraan,341,1,0.73,7,63982939,Default
CUST000476,52,Perempuan,,Wiraswasta,44309062,292106365,24,Kendaraan,628,5,0.62,0,174747258,Tidak Default
CUST000477,32,Perempuan,SMA,Karyawan Tetap,25134553,225771206,48,Modal Usaha,341,2,0.57,6,208027210,Default
CUST000478,44,Laki-laki,S2,Freelancer,40262653,98829445,24,Kendaraan,786,0,0.55,8,482789335,Default
CUST000479,35,Laki-laki,S1,Wiraswasta,44452953,137828052,12,Renovasi Rumah,334,5,0.89,3,307796516,Default
CUST000480,61,Perempuan,D3,PNS,15039229,21150529,36,Pendidikan,707,2,0.77,7,99869547,Default
CUST000481,48,Laki-laki,D3,Karyawan Kontrak,6466557,193151736,24,Renovasi Rumah,502,1,0.82,9,2952172,Default
CUST000482,39,Laki-laki,S1,Freelancer,21609412,115153363,12,Pendidikan,331,0,0.21,9,358028747,Default
CUST000483,61,Laki-laki,D3,Karyawan Tetap,18608945,291990984,60,Konsumsi,,4,0.51,0,434494649,Default
CUST000484,46,Perempuan,S1,Karyawan Kontrak,26870133,73386845,24,Modal Usaha,310,0,0.7,2,222696169,Tidak Default
CUST000485,40,,S2,PNS,8059348,93155602,12,Konsumsi,364,1,0.13,10,464143383,Tidak Default
CUST000486,62,Laki-laki,D3,Freelancer,36491345,252276404,12,Modal Usaha,719,2,0.07,10,,Tidak Default
CUST000487,27,Laki-laki,S2,Freelancer,13981060,74168723,24,Renovasi Rumah,402,3,0.29,3,314175213,Default
CUST000488,32,Laki-laki,SMA,Karyawan Kontrak,20368856,275431657,24,Modal Usaha,561,0,0.24,12,257155100,Default
CUST000489,59,Perempuan,S1,Freelancer,4299044,159121817,60,Kendaraan,651,2,0.77,2,35633402,Tidak Default
CUST000490,58,Laki-laki,S2,Freelancer,35898979,123207215,36,Konsumsi,780,2,0.61,4,153353010,Tidak Default
CUST000491,25,Perempuan,S2,Wiraswasta,31499901,153683097,48,Konsumsi,569,1,0.84,7,73235063,Tidak Default
CUST000492,48,Laki-laki,SMA,Wiraswasta,21779680,191926639,60,Pendidikan,693,4,0.75,5,284500534,Tidak Default
CUST000493,32,Perempuan,S2,Karyawan Tetap,15498173,227421433,60,Renovasi Rumah,793,2,0.53,6,144866909,Tidak Default
CUST000494,59,PEREMPUAN,SMA,Karyawan Tetap,4279453,110410866,24,Kendaraan,573,2,0.21,5,43038805,Tidak Default
CUST000495,62,Laki-laki,S2,Karyawan Kontrak,27438121,274529298,24,Konsumsi,461,3,0.25,10,141870171,Default
CUST000496,24,Laki-laki,S1,Freelancer,47965837,183025948,24,Renovasi Rumah,815,1,0.09,5,,Tidak Default
CUST000497,42,Laki-laki,S1,Karyawan Kontrak,19787586,159043643,24,Kendaraan,561,4,0.72,11,,Tidak Default
CUST000498,50,Perempuan,S2,Freelancer,38476565,36684386,36,Renovasi Rumah,614,4,0.57,12,105370972,Tidak Default
CUST000499,33,Laki-laki,D3,PNS,17897644,212308831,48,Renovasi Rumah,644,1,0.15,12,19760744,Tidak Default
CUST000500,27,Laki-laki,D3,Karyawan Kontrak,16498150,93710323,36,Kendaraan,514,0,0.27,5,158224217,Default
CUST000501,47,Perempuan,SMA,Karyawan Tetap,27671269,239965469,60,Pendidikan,665,5,,4,373936083,Tidak Default
CUST000502,41,Perempuan,SMA,Karyawan Kontrak,36810327,166494200,12,Pendidikan,687,0,0.23,7,37175903,Tidak Default
CUST000503,36,Laki-laki,S2,Freelancer,21693217,80191405,12,Renovasi Rumah,727,3,0.9,10,73031665,Default
CUST000504,51,Laki-laki,S1,Karyawan Tetap,45870533,215568879,48,Pendidikan,322,3,0.69,2,470621667,Default
CUST000505,65,Laki-laki,S2,Wiraswasta,9869286,158831276,24,Renovasi Rumah,311,3,0.31,1,298363393,Default
CUST000506,64,Perempuan,D3,PNS,21186348,122046200,48,Konsumsi,606,3,0.72,9,130016054,Default
CUST000507,54,Laki-laki,S2,PNS,21210059,206053572,60,Pendidikan,539,3,,7,396804994,Default
CUST000508,23,Perempuan,SMA,PNS,3290047,290273796,60,Konsumsi,530,1,0.32,10,224887838,Tidak Default
CUST000509,49,Laki-laki,S1,Wiraswasta,39727111,193687660,36,Modal Usaha,373,4,0.72,3,2332068,Default
CUST000510,49,Laki-laki,SMA,Karyawan Tetap,32256252,96978770,60,Renovasi Rumah,454,4,0.41,12,263682465,Tidak Default
CUST000511,31,Perempuan,S1,Karyawan Tetap,21319858,231521260,36,Modal Usaha,431,2,0.2,3,204858995,Tidak Default
CUST000512,28,Perempuan,SMA,Freelancer,24603006,12102708,48,Renovasi Rumah,578,2,0.85,10,102685060,Tidak Default
CUST000513,58,Perempuan,S2,Karyawan Kontrak,26300894,233136305,12,Modal Usaha,422,5,0.85,6,363661250,Default
CUST000514,46,Laki-laki,SMA,Karyawan Kontrak,39954955,16446320,60,Kendaraan,757,0,0.51,12,113593546,Default
CUST000515,41,Laki-laki,SMA,Karyawan Kontrak,17950734,35785036,60,Konsumsi,833,4,0.76,2,214238426,Tidak Default
CUST000516,34,Laki-laki,S2,PNS,27215369,105858338,36,Modal Usaha,324,1,0.58,6,213209635,Default
CUST000517,63,Perempuan,SMA,Wiraswasta,43213718,123764999,12,Modal Usaha,771,3,0.69,1,283225186,Tidak Default
CUST000518,43,Laki-laki,D3,Karyawan Kontrak,43458682,82762192,60,Renovasi Rumah,713,3,0.35,2,132464983,Tidak Default
CUST000519,22,Perempuan,S1,Karyawan Kontrak,48406278,108230699,24,Kendaraan,,5,0.25,11,235486673,Tidak Default
CUST000520,29,Perempuan,S2,Freelancer,36981243,152686823,12,Kendaraan,348,2,0.05,6,10915700,Default
CUST000521,54,Perempuan,S1,Wiraswasta,18642662,208999313,12,Renovasi Rumah,685,3,0.09,0,14303050,Tidak Default
CUST000522,41,Laki-laki,S1,PNS,42560816,265241308,48,Kendaraan,452,1,0.32,6,313849171,Tidak Default
CUST000523,33,Laki-laki,D3,Freelancer,16353727,31784943,24,Renovasi Rumah,344,1,0.21,11,458925325,Tidak Default
CUST000524,28,Perempuan,SMA,PNS,19387685,85149905,24,Renovasi Rumah,843,0,0.81,3,386176297,Tidak Default
CUST000525,45,Perempuan,D3,Karyawan Tetap,3942634,246040520,12,Renovasi Rumah,438,3,0.71,9,169810515,Default
CUST000526,43,Perempuan,D3,Karyawan Tetap,4167324,269217658,12,Konsumsi,770,1,0.44,,7473946,Default
CUST000527,29,Perempuan,SMA,Wiraswasta,38657375,53468269,36,Konsumsi,786,2,0.44,1,214443755,Tidak Default
CUST000528,26,Laki-laki,D3,Karyawan Kontrak,29860457,241403537,36,Modal Usaha,421,5,0.78,12,306345857,Default
CUST000529,51,Laki-laki,S1,Karyawan Kontrak,25729426,280480715,24,Kendaraan,431,3,0.76,11,120862308,Default
CUST000530,47,Perempuan,,Wiraswasta,41332049,256920372,12,Renovasi Rumah,708,1,0.76,3,,Tidak Default
CUST000531,62,Laki-laki,SMA,Karyawan Kontrak,18802842,182347429,12,Modal Usaha,604,1,0.87,2,,Tidak Default
CUST000532,63,Perempuan,S2,Karyawan Kontrak,37992311,8331729,60,Modal Usaha,505,5,0.7,12,460235731,Default
CUST000533,36,Perempuan,D3,PNS,30198571,212172489,36,Modal Usaha,753,4,0.45,5,16849178,Tidak Default
CUST000534,40,Laki-laki,S2,Karyawan Tetap,11011664,209432498,48,Konsumsi,460,0,0.73,2,416556740,Default
CUST000535,56,Perempuan,S1,,23306579,101939138,24,Kendaraan,622,0,0.44,4,329520612,Tidak Default
CUST000536,52,Perempuan,SMA,PNS,27798349,233718421,60,Kendaraan,612,3,0.45,4,,Tidak Default
CUST000537,34,Laki-laki,D3,Freelancer,23197687,59667339,12,Modal Usaha,820,1,0.63,5,51973587,Tidak Default
CUST000538,46,Laki-laki,S2,Karyawan Kontrak,6171790,150305886,36,Kendaraan,784,5,0.15,4,445722694,Tidak Default
CUST000539,51,Laki-laki,,Freelancer,37576249,129697293,36,Pendidikan,681,4,0.29,2,,Tidak Default
CUST000540,57,Laki-laki,S1,Karyawan Tetap,21532735,8294371,36,Konsumsi,760,5,0.62,1,,Tidak Default
CUST000541,50,Laki-laki,S1,Freelancer,6510998,259706460,36,Konsumsi,676,5,0.7,11,445158530,Default
CUST000542,33,Laki-laki,SMA,Karyawan Tetap,10605432,208361371,12,Konsumsi,539,1,0.57,0,331057803,Tidak Default
CUST000543,38,Perempuan,D3,Karyawan Kontrak,15159417,104412964,24,Kendaraan,368,1,0.87,5,112567317,Default
CUST000544,33,Perempuan,SMA,Karyawan Tetap,34357929,230580414,60,Pendidikan,454,4,0.32,0,26195098,Default
CUST000545,61,Laki-laki,S1,Karyawan Kontrak,13499206,258714747,24,Pendidikan,536,0,0.84,6,391873824,Default
CUST000546,47,Laki-laki,D3,Freelancer,31939276,298348416,48,Konsumsi,798,5,0.4,12,,Tidak Default
CUST000547,53,Perempuan,SMA,Freelancer,46048267,135907313,12,Renovasi Rumah,421,4,0.12,11,244433644,Default
CUST000548,47,Laki-laki,S1,Karyawan Kontrak,31758364,109276779,36,Kendaraan,348,0,0.3,12,297362843,Tidak Default
CUST000549,54,,S1,PNS,27079611,143109601,12,Renovasi Rumah,827,2,0.31,1,225120545,Tidak Default
CUST000550,55,Laki-laki,S1,PNS,37049627,128920064,12,Modal Usaha,399,5,0.07,0,457429650,Tidak Default
CUST000551,23,Laki-laki,S1,PNS,27213988,190197600,12,Konsumsi,459,4,0.75,8,145023880,Default
CUST000552,44,Perempuan,SMA,Karyawan Kontrak,40709255,180905791,60,Modal Usaha,784,3,0.87,11,244572827,Tidak Default
CUST000553,36,Laki-laki,D3,Karyawan Kontrak,28817650,268546922,48,Konsumsi,336,2,0.63,11,99498613,Default
CUST000554,29,Perempuan,S1,PNS,25185955,80205772,24,Pendidikan,481,2,0.84,1,98989609,Default
CUST000555,46,Perempuan,S1,Wiraswasta,49481004,194517324,36,Renovasi Rumah,652,2,0.42,,,Tidak Default
CUST000556,27,Laki-laki,S1,Wiraswasta,19362192,178900942,60,Kendaraan,,3,0.33,12,420083133,Tidak Default
CUST000557,59,Laki-laki,SMA,Wiraswasta,26241533,171897544,12,Pendidikan,737,4,0.42,3,221336914,Tidak Default
CUST000558,22,Laki-laki,SMA,Wiraswasta,30304806,141156908,24,Pendidikan,542,3,,6,157599363,Tidak Default
CUST000559,31,Laki-laki,S2,Karyawan Tetap,33432776,34320843,36,Kendaraan,,3,0.63,9,471017225,Default
CUST000560,29,Perempuan,D3,Wiraswasta,36963354,219278788,36,Modal Usaha,509,2,0.46,5,,Default
CUST000561,46,Laki-laki,D3,Wiraswasta,38271479,136138255,60,Modal Usaha,733,3,0.47,8,,Tidak Default
CUST000562,32,Perempuan,SMA,Karyawan Tetap,39783363,292833787,36,Modal Usaha,796,5,0.35,1,167455275,Tidak Default
CUST000563,55,Laki-laki,D3,Karyawan Tetap,33704466,57877196,12,Konsumsi,768,1,0.68,11,,Default
CUST000564,33,Laki-laki,S2,Karyawan Tetap,6276865,27476772,48,Konsumsi,423,1,0.51,8,325131579,Tidak Default
CUST000565,51,,S2,,28004107,53710731,24,Modal Usaha,331,3,0.09,11,4302149,Default
CUST000566,29,Laki-laki,D3,Freelancer,6116427,31491152,12,Konsumsi,545,3,0.13,3,465529843,Tidak Default
CUST000567,60,Perempuan,S2,Wiraswasta,33450305,25739709,24,Konsumsi,500,0,0.81,10,415606727,Default
CUST000568,43,Perempuan,S1,Karyawan Tetap,41056369,189589783,60,Renovasi Rumah,510,1,0.67,6,475862122,Tidak Default
CUST000569,57,Laki-laki,S2,Wiraswasta,4301273,288460068,24,Pendidikan,367,2,0.17,12,250254503,Default
CUST000570,65,Perempuan,SMA,Karyawan Tetap,46882620,264548676,60,Renovasi Rumah,605,2,0.43,2,221041227,Tidak Default
CUST000571,44,Laki-laki,D3,PNS,27296776,121089561,12,Modal Usaha,792,3,0.85,8,472934165,Tidak Default
CUST000572,43,Laki-laki,S1,PNS,15367039,78818268,60,Kendaraan,340,5,,7,,Default
CUST000573,55,Perempuan,,Wiraswasta,10776220,20538349,24,Modal Usaha,321,0,0.62,9,294211305,Default
CUST000574,47,Perempuan,D3,PNS,3035415,7162838,24,Pendidikan,661,4,0.87,5,71874161,Default
CUST000575,41,Laki-laki,SMA,Wiraswasta,17525797,97456281,24,Kendaraan,623,1,0.78,0,83651431,Tidak Default
CUST000576,53,Laki-laki,S2,Karyawan Tetap,40042089,266950902,12,Pendidikan,808,0,0.63,12,379052360,Default
CUST000577,64,Perempuan,D3,Freelancer,28957107,283667286,12,Kendaraan,451,2,0.14,1,473081385,Default
CUST000578,53,Perempuan,S1,Wiraswasta,7344506,69019749,48,Kendaraan,774,3,0.28,3,,Tidak Default
CUST000579,58,Laki-laki,SMA,Wiraswasta,41776481,237218565,36,Modal Usaha,368,4,0.15,0,240415706,Tidak Default
CUST000580,41,Laki-laki,D3,,12467855,212339921,24,Konsumsi,302,2,0.67,9,414721394,Default
CUST000581,39,Perempuan,SMA,Wiraswasta,9790832,292975159,48,Kendaraan,798,1,0.34,12,472807822,Tidak Default
CUST000582,25,Perempuan,S1,Karyawan Tetap,8273496,14237665,60,Kendaraan,843,4,0.67,2,296032503,Tidak Default
CUST000583,35,Laki-laki,D3,Freelancer,20194031,43626509,60,Modal Usaha,719,5,0.11,12,479561850,Default
CUST000584,35,Perempuan,SMA,PNS,14295413,76487282,24,Renovasi Rumah,350,3,0.61,12,249446260,Default
CUST000585,,Laki-laki,S2,,26491942,151935258,48,Konsumsi,352,0,0.49,7,492302794,Tidak Default
CUST000586,47,Perempuan,S2,Freelancer,49673342,270815020,60,Kendaraan,759,0,0.08,3,12344978,Tidak Default
CUST000587,50,Perempuan,SMA,Karyawan Tetap,49209941,21590930,24,Modal Usaha,394,0,0.29,0,387158012,Tidak Default
CUST000588,42,Laki-laki,SMA,Freelancer,11168156,58294560,24,Pendidikan,497,1,0.38,5,,Default
CUST000589,51,Perempuan,D3,Karyawan Kontrak,35235626,220692426,24,Pendidikan,315,4,0.05,1,,Tidak Default
CUST000590,63,Perempuan,SMA,Karyawan Kontrak,38627570,263404993,60,Renovasi Rumah,334,4,0.39,3,354131604,Tidak Default
CUST000591,65,Laki-laki,S1,Freelancer,46173859,283523675,36,Kendaraan,469,3,0.3,6,156337173,Default
CUST000592,51,Perempuan,S2,Karyawan Tetap,,121431539,48,Modal Usaha,415,2,0.64,1,213037081,Default
CUST000593,48,Laki-laki,SMA,,36621486,281715502,12,Kendaraan,746,3,0.61,4,459528589,Tidak Default
CUST000594,53,Laki-laki,S2,Karyawan Tetap,43694003,117242483,60,Pendidikan,620,2,0.61,11,,Tidak Default
CUST000595,51,Laki-laki,S1,Karyawan Tetap,18395824,85999576,60,Modal Usaha,519,5,0.69,11,304083235,Default
CUST000596,37,Perempuan,D3,Wiraswasta,43510505,76819905,12,Kendaraan,566,2,0.54,5,317020291,Default
CUST000597,34,Perempuan,S2,Karyawan Kontrak,32645456,64285849,36,Kendaraan,639,0,0.1,8,471354513,Default
CUST000598,32,Perempuan,S1,Karyawan Kontrak,16323900,282268014,24,Renovasi Rumah,608,1,0.17,0,312630168,Default
CUST000599,40,Perempuan,SMA,PNS,46557252,180389393,24,Pendidikan,792,1,0.26,2,367903502,Tidak Default
CUST000600,58,Perempuan,S2,PNS,49550401,291135187,36,Konsumsi,481,5,0.32,11,337341154,Tidak Default
CUST000601,56,Perempuan,S2,Freelancer,17592844,200732492,12,Kendaraan,794,4,0.73,9,17996389,Default
CUST000602,37,Laki-laki,D3,Karyawan Kontrak,39009163,182535446,36,Pendidikan,500,0,0.74,0,151502261,Tidak Default
CUST000603,24,Perempuan,D3,Freelancer,14424945,34143354,24,Pendidikan,638,0,0.27,0,465290994,Tidak Default
CUST000604,62,Perempuan,S1,Freelancer,8052563,158346443,12,Pendidikan,631,0,0.83,3,461384386,Default
CUST000605,51,Perempuan,S2,Freelancer,8370652,142463766,48,Pendidikan,563,1,0.21,2,333705879,Tidak Default
CUST000606,28,Perempuan,SMA,PNS,19878119,25396642,24,Renovasi Rumah,811,2,0.81,2,315627769,Tidak Default
CUST000607,43,Laki-laki,S2,PNS,40639303,246634643,60,Modal Usaha,,4,0.65,1,407380367,Default
CUST000608,54,Laki-laki,S2,Karyawan Tetap,39906644,245361683,12,Konsumsi,618,0,0.38,0,226623511,Tidak Default
CUST000609,52,Laki-laki,SMA,Karyawan Tetap,27800322,226113509,36,Pendidikan,592,2,0.27,11,106950902,Default
CUST000610,54,Perempuan,SMA,Freelancer,49183691,170313706,60,Konsumsi,548,5,0.5,11,448402613,Default
CUST000611,58,Perempuan,S2,Karyawan Kontrak,9162926,66170453,24,Modal Usaha,302,3,0.44,12,390116572,Tidak Default
CUST000612,45,Perempuan,SMA,PNS,37415433,163817393,12,Modal Usaha,418,2,0.65,1,82141064,Default
CUST000613,26,Perempuan,S1,Wiraswasta,9827735,199949177,12,Modal Usaha,778,1,0.06,7,,Tidak Default
CUST000614,39,Perempuan,D3,PNS,29670657,68244770,60,Kendaraan,658,3,0.65,1,,Tidak Default
CUST000615,28,Laki-laki,S1,PNS,46802499,274368561,36,Renovasi Rumah,422,1,0.49,3,201400295,Tidak Default
CUST000616,47,Laki-laki,S2,PNS,46946353,21239444,12,Renovasi Rumah,789,1,0.43,0,437525940,Tidak Default
CUST000617,53,Perempuan,S2,PNS,38988918,292577006,48,Konsumsi,454,1,0.19,10,92674236,Tidak Default
CUST000618,37,Laki-laki,SMA,PNS,32215674,41968220,48,Pendidikan,455,4,0.54,7,256388388,Default
CUST000619,44,,S1,Wiraswasta,33814845,156172911,24,Modal Usaha,414,4,0.83,7,34697560,Default
CUST000620,65,Perempuan,SMA,PNS,8944526,276066653,60,Konsumsi,582,4,0.25,4,,Default
CUST000621,64,Laki-laki,S1,Wiraswasta,44569199,210326888,36,Renovasi Rumah,619,5,0.49,1,,Tidak Default
CUST000622,40,Perempuan,S2,Karyawan Kontrak,41778616,152722612,36,Modal Usaha,459,0,0.16,4,425211179,Default
CUST000623,42,Laki-laki,S2,Karyawan Tetap,45992729,135402547,60,Kendaraan,632,0,0.18,12,,Tidak Default
CUST000624,25,Laki-laki,SMA,Freelancer,18159782,139674511,24,Renovasi Rumah,738,4,0.59,4,431720008,Tidak Default
CUST000625,62,Perempuan,S2,Karyawan Tetap,13005744,264032759,60,Kendaraan,764,1,0.11,11,182372032,Tidak Default
CUST000626,37,Laki-laki,S1,Wiraswasta,38578564,77722950,48,Kendaraan,396,4,0.69,3,340506609,Tidak Default
CUST000627,35,Laki-laki,SMA,Karyawan Kontrak,26030060,196456564,48,Pendidikan,483,4,0.69,8,215473520,Tidak Default
CUST000628,54,Laki-laki,D3,Wiraswasta,47683420,33213574,60,Modal Usaha,710,1,0.38,9,196783223,Tidak Default
CUST000629,41,Laki-laki,S1,,9635529,167283128,24,Pendidikan,802,0,0.51,6,453765545,Default
CUST000630,65,Perempuan,S1,Freelancer,28499097,106002913,48,Modal Usaha,775,1,,12,376066876,Tidak Default
CUST000631,39,Laki-laki,,Freelancer,15782826,93145632,48,Modal Usaha,335,4,0.18,11,473948118,Tidak Default
CUST000632,64,Perempuan,SMA,Wiraswasta,43792399,271898522,12,Modal Usaha,771,3,0.87,3,51269487,Tidak Default
CUST000633,37,Laki-laki,D3,Wiraswasta,21557337,55941466,60,Kendaraan,665,1,0.41,6,330252674,Default
CUST000634,34,Laki-laki,S2,Freelancer,21222226,180137484,36,Modal Usaha,667,4,,8,227765463,Tidak Default
CUST000635,,Laki-laki,S2,Freelancer,45550086,256619751,24,Renovasi Rumah,722,2,0.62,0,2982822,Tidak Default
CUST000636,37,Laki-laki,S1,Freelancer,30596500,249164540,48,Modal Usaha,776,5,0.37,7,,Tidak Default
CUST000637,33,Laki-laki,SMA,PNS,9776471,148939334,12,Konsumsi,693,5,0.05,5,271453315,Tidak Default
CUST000638,23,,SMA,Wiraswasta,23529149,99522787,48,Modal Usaha,758,0,0.34,,484102082,Tidak Default
CUST000639,48,Perempuan,S1,Karyawan Tetap,7582842,196234700,36,Modal Usaha,477,3,0.58,12,264062156,Default
CUST000640,49,Laki-laki,SMA,Karyawan Kontrak,47570035,120584117,36,Kendaraan,603,5,0.49,5,243764742,Default
CUST000641,46,Laki-laki,S2,Freelancer,,139351764,60,Renovasi Rumah,611,5,0.47,10,406117125,Tidak Default
CUST000642,62,Perempuan,SMA,PNS,11472895,230917254,12,Modal Usaha,823,1,0.22,7,,Default
CUST000643,63,Perempuan,D3,PNS,49195771,91602420,36,Kendaraan,778,3,0.66,8,282225511,Tidak Default
CUST000644,49,Laki-laki,S2,PNS,4457021,99996631,24,Konsumsi,617,2,0.54,9,215569888,Default
CUST000645,24,Perempuan,D3,Wiraswasta,22395150,219237915,12,Renovasi Rumah,674,0,0.85,9,495839382,Default
CUST000646,63,Perempuan,S1,Wiraswasta,34166090,99415802,60,Modal Usaha,320,2,0.82,9,422887783,Default
CUST000647,29,Laki-laki,D3,PNS,9075793,50602524,12,Kendaraan,346,1,0.08,11,495911112,Default
CUST000648,61,Perempuan,D3,PNS,24145832,140781812,24,Konsumsi,,2,0.48,5,488909883,Default
CUST000649,60,Perempuan,D3,Karyawan Tetap,10544237,220223879,48,Modal Usaha,436,0,0.39,4,48520482,Tidak Default
CUST000650,60,Perempuan,SMA,Karyawan Kontrak,4068284,177883394,24,Renovasi Rumah,395,2,0.65,9,208706433,Default
CUST000651,59,Laki-laki,S2,Karyawan Tetap,24833486,249934624,36,Modal Usaha,768,5,0.71,11,491769015,Tidak Default
CUST000652,36,Laki-laki,D3,Wiraswasta,33502795,103169518,48,Renovasi Rumah,453,0,0.9,0,472099423,Tidak Default
CUST000653,26,Perempuan,D3,Karyawan Kontrak,,83925612,48,Renovasi Rumah,386,0,0.81,12,391015311,Default
CUST000654,44,Laki-laki,S1,Wiraswasta,14909960,96615769,24,Renovasi Rumah,629,0,0.89,3,239103239,Default
CUST000655,35,Perempuan,S1,Freelancer,40683170,170661181,60,Konsumsi,739,2,0.67,,281464610,Tidak Default
CUST000656,43,Perempuan,S2,Freelancer,36146524,35682479,60,Konsumsi,529,4,0.19,6,,Default
CUST000657,61,Laki-laki,S2,Wiraswasta,36815661,202065527,60,Pendidikan,535,2,0.42,7,282575401,Default
CUST000658,34,Perempuan,S2,Freelancer,45114242,256883707,24,Kendaraan,703,5,,11,,Default
CUST000659,59,Perempuan,D3,Wiraswasta,5345027,194955396,24,Modal Usaha,718,1,0.63,0,385348937,Tidak Default
CUST000660,25,Laki-laki,S2,Karyawan Tetap,14951560,258479756,12,Pendidikan,689,1,0.66,12,233110731,Tidak Default
CUST000661,25,Perempuan,S1,Karyawan Kontrak,14702169,244401129,60,Renovasi Rumah,381,0,0.8,0,385620790,Default
CUST000662,60,Laki-laki,SMA,Freelancer,39217301,257332256,48,Renovasi Rumah,712,5,0.28,7,211614959,Tidak Default
CUST000663,58,Laki-laki,S2,PNS,36902226,228597877,24,Renovasi Rumah,719,1,0.78,5,107310951,Tidak Default
CUST000664,59,Perempuan,D3,Karyawan Tetap,40349688,44230349,60,Pendidikan,337,1,0.6,5,257235041,Tidak Default
CUST000665,29,Perempuan,S1,Freelancer,45690849,57060302,12,Modal Usaha,812,2,0.59,3,,Tidak Default
CUST000666,48,Perempuan,S1,Karyawan Tetap,23997812,230890162,24,Modal Usaha,695,3,0.14,12,232887456,Tidak Default
CUST000667,34,Laki-laki,D3,Karyawan Tetap,30776021,49618949,24,Modal Usaha,480,2,0.47,8,455956240,Tidak Default
CUST000668,37,Perempuan,SMA,Karyawan Tetap,9777908,38954389,36,Modal Usaha,741,4,0.72,4,378597259,Tidak Default
CUST000669,61,Laki-laki,SMA,PNS,30780672,98100124,36,Pendidikan,666,1,0.67,7,209780262,Default
CUST000670,52,Perempuan,SMA,Karyawan Kontrak,,27081060,60,Renovasi Rumah,540,3,0.89,4,238243424,Default
CUST000671,60,Laki-laki,,Karyawan Kontrak,11051600,185156565,24,Modal Usaha,790,3,0.16,8,136517052,Tidak Default
CUST000672,37,Laki-laki,S2,Karyawan Tetap,34085986,186945498,60,Konsumsi,728,0,,1,91456485,Tidak Default
CUST000673,32,Perempuan,,PNS,12198161,206653512,36,Modal Usaha,609,3,0.43,9,307099157,Default
CUST000674,32,Perempuan,S1,Freelancer,41264584,202366284,24,Modal Usaha,402,2,0.19,3,,Default
CUST000675,58,Perempuan,S1,Wiraswasta,18351211,259217130,60,Modal Usaha,377,2,0.75,1,482539238,Tidak Default
CUST000676,25,Laki-laki,S1,Wiraswasta,30918179,172220002,60,Konsumsi,,0,0.41,2,430191662,Tidak Default
CUST000677,52,Laki-laki,S2,PNS,16599953,57113979,36,Kendaraan,703,0,0.07,12,243852983,Tidak Default
CUST000678,26,Laki-laki,SMA,PNS,46823657,131012418,48,Modal Usaha,546,3,0.59,7,252660532,Tidak Default
CUST000679,57,Perempuan,D3,Karyawan Kontrak,27057495,123332201,48,Pendidikan,349,4,0.64,6,265327135,Default
CUST000680,48,Perempuan,D3,Karyawan Kontrak,24308084,158075510,48,Pendidikan,525,5,0.12,9,466928033,Default
CUST000681,48,Perempuan,D3,Wiraswasta,23068487,276553785,12,Renovasi Rumah,414,2,0.44,10,111643445,Default
CUST000682,43,Perempuan,S2,Freelancer,20616543,153344689,12,Pendidikan,494,3,0.06,11,204103759,Tidak Default
CUST000683,28,Laki-laki,S1,Karyawan Kontrak,48116055,223389155,12,Pendidikan,492,4,0.05,6,323309859,Tidak Default
CUST000684,32,Laki-laki,S1,Freelancer,44263114,200639610,12,Pendidikan,524,5,0.09,6,,Tidak Default
CUST000685,56,Laki-laki,SMA,Karyawan Tetap,23258869,211335428,48,Kendaraan,591,2,0.11,1,70381352,Tidak Default
CUST000686,31,Laki-laki,S1,Karyawan Kontrak,36913925,109923085,60,Modal Usaha,626,4,0.07,9,199710803,Tidak Default
CUST000687,53,Laki-laki,S2,Karyawan Tetap,45112499,147631456,60,Modal Usaha,597,4,0.63,2,30289472,Default
CUST000688,62,Laki-laki,SMA,Karyawan Kontrak,46632614,258500485,12,Modal Usaha,,2,0.76,1,319865744,Tidak Default
CUST000689,34,Laki-laki,S1,Wiraswasta,3883930,121821326,48,Konsumsi,844,4,0.64,4,65304438,Default
CUST000690,50,Perempuan,S1,Wiraswasta,18988649,66666518,24,Konsumsi,459,5,0.08,8,299997512,Tidak Default
CUST000691,52,Laki-laki,D3,Wiraswasta,14220630,191161015,36,Modal Usaha,411,5,0.28,1,174598184,Tidak Default
CUST000692,50,Perempuan,S2,Wiraswasta,40743484,299896816,12,Kendaraan,338,2,0.11,0,233183004,Default
CUST000693,62,Laki-laki,S1,Karyawan Kontrak,48428502,179530224,24,Renovasi Rumah,599,5,0.38,0,261418203,Tidak Default
CUST000694,55,Perempuan,S1,Wiraswasta,8970764,157439353,60,Kendaraan,532,5,0.58,8,,Default
CUST000695,54,Laki-laki,SMA,PNS,12943180,150211463,48,Kendaraan,339,3,0.48,5,422631605,Default
CUST000696,25,Perempuan,S2,Karyawan Tetap,42193940,113111130,24,Pendidikan,514,1,0.33,12,12439011,Tidak Default
CUST000697,56,Perempuan,S2,Karyawan Tetap,46517104,285834532,12,Kendaraan,480,1,0.86,6,121130683,Tidak Default
CUST000698,46,Perempuan,S1,Freelancer,25623928,275302903,12,Kendaraan,644,2,0.49,5,,Tidak Default
CUST000699,56,Perempuan,D3,PNS,43267899,255979122,48,Konsumsi,472,4,0.45,0,374846963,Tidak Default
CUST000700,62,Perempuan,D3,Freelancer,43752038,46812610,24,Kendaraan,,3,0.46,0,154670053,Tidak Default
CUST000701,27,Perempuan,S1,Freelancer,35814672,223253223,48,Modal Usaha,485,5,0.8,2,130029203,Default
CUST000702,31,Laki-laki,S2,Karyawan Tetap,25572478,22780757,60,Kendaraan,401,5,0.68,0,1732232,Tidak Default
CUST000703,27,Laki-laki,S1,PNS,28598915,114685445,12,Modal Usaha,494,0,0.06,6,372546997,Tidak Default
CUST000704,40,Perempuan,D3,Wiraswasta,,155846181,36,Kendaraan,825,2,0.81,0,,Tidak Default
CUST000705,52,,S2,PNS,5998226,90109210,48,Renovasi Rumah,689,0,0.21,10,58925116,Tidak Default
CUST000706,32,Laki-laki,D3,PNS,12921706,106743939,36,Pendidikan,578,2,0.62,0,422358574,Default
CUST000707,42,Perempuan,S2,Freelancer,21336911,264656593,60,Pendidikan,783,5,0.18,8,270719267,Tidak Default
CUST000708,56,Perempuan,S1,Freelancer,9722271,244964732,36,Pendidikan,756,5,0.35,10,45131841,Tidak Default
CUST000709,48,Perempuan,S1,Karyawan Tetap,49625045,75341260,36,Konsumsi,554,5,0.23,2,177311199,Tidak Default
CUST000710,61,Perempuan,S1,Karyawan Kontrak,12738063,140685452,12,Kendaraan,306,1,0.43,9,423320141,Default
CUST000711,38,Laki-laki,D3,Freelancer,11589716,254145446,12,Kendaraan,762,2,0.77,12,291747505,Default
CUST000712,38,Laki-laki,D3,Wiraswasta,46017087,13149099,48,Modal Usaha,481,1,0.63,9,177131113,Tidak Default
CUST000713,41,,S1,Karyawan Tetap,16892532,290839507,12,Renovasi Rumah,332,3,0.75,3,254847333,Default
CUST000714,50,Laki-laki,D3,PNS,47502416,178763807,24,Renovasi Rumah,457,1,0.47,2,351878644,Tidak Default
CUST000715,29,Perempuan,SMA,PNS,26674013,84088037,36,Kendaraan,561,2,0.79,11,497718231,Default
CUST000716,27,Perempuan,SMA,PNS,40829723,277973531,60,Modal Usaha,756,5,0.69,11,52830136,Tidak Default
CUST000717,47,Perempuan,D3,Karyawan Kontrak,22937461,186075350,60,Pendidikan,677,1,0.64,12,298875409,Tidak Default
CUST000718,56,Perempuan,S1,Karyawan Kontrak,16877356,174280713,12,Renovasi Rumah,554,4,0.41,4,156411265,Tidak Default
CUST000719,37,Perempuan,S2,Freelancer,17398037,124979057,48,Kendaraan,789,0,0.37,4,,Tidak Default
CUST000720,53,Perempuan,S2,Wiraswasta,3829304,244170082,12,Modal Usaha,422,2,0.81,12,191589532,Default
CUST000721,38,Laki-laki,S2,Karyawan Tetap,9565895,9739478,48,Renovasi Rumah,326,4,0.52,5,271964031,Default
CUST000722,49,Laki-laki,SMA,PNS,46124843,130441931,60,Renovasi Rumah,646,2,0.79,3,187308259,Tidak Default
CUST000723,61,Perempuan,D3,Wiraswasta,15362953,140414081,24,Modal Usaha,312,3,0.64,10,,Default
CUST000724,47,,SMA,Wiraswasta,34002226,109106023,12,Kendaraan,300,4,0.57,2,346283662,Default
CUST000725,31,Laki-laki,S2,Wiraswasta,32045794,44306543,12,Modal Usaha,575,3,0.69,9,42312142,Tidak Default
CUST000726,47,Perempuan,SMA,Wiraswasta,35433415,94921170,24,Renovasi Rumah,467,2,0.39,1,339269806,Tidak Default
CUST000727,48,Perempuan,S2,Freelancer,,211140762,12,Konsumsi,484,1,0.17,5,321385356,Tidak Default
CUST000728,41,Perempuan,S2,Karyawan Kontrak,48460817,241712623,48,Modal Usaha,680,5,0.37,9,395801612,Tidak Default
CUST000729,54,Laki-laki,S2,Wiraswasta,18668884,25158906,48,Pendidikan,564,0,0.63,0,47011322,Tidak Default
CUST000730,,Laki-laki,S2,Karyawan Kontrak,9021959,36957866,48,Renovasi Rumah,487,5,0.35,8,90851518,Tidak Default
CUST000731,62,Laki-laki,D3,Freelancer,32853624,121607098,48,Pendidikan,415,1,0.81,7,,Default
CUST000732,56,Perempuan,D3,Karyawan Tetap,7773143,199411776,48,Modal Usaha,321,1,0.73,1,176970453,Default
CUST000733,46,Perempuan,S2,PNS,,281126741,12,Renovasi Rumah,566,1,0.41,2,157975876,Default
CUST000734,45,Laki-laki,SMA,Karyawan Tetap,4941847,163176654,12,Konsumsi,454,1,0.41,3,293511004,Default
CUST000735,48,Perempuan,SMA,Karyawan Kontrak,28492359,30015918,36,Renovasi Rumah,515,2,0.32,1,310819301,Default
CUST000736,32,Laki-laki,S2,Freelancer,4352254,67196826,60,Renovasi Rumah,506,3,0.19,12,99674782,Tidak Default
CUST000737,27,Perempuan,D3,Karyawan Kontrak,43617838,115072489,60,Pendidikan,508,3,0.7,10,240125217,Default
CUST000738,43,Laki-laki,SMA,Karyawan Kontrak,7172654,103714449,48,Konsumsi,608,3,0.35,11,139364415,Tidak Default
CUST000739,24,Laki-laki,SMA,Freelancer,7579355,18378036,36,Renovasi Rumah,525,2,,5,491835052,Tidak Default
CUST000740,24,Perempuan,D3,PNS,30062788,47093062,60,Pendidikan,759,5,,8,104588283,Default
CUST000741,31,Perempuan,D3,PNS,43412079,69969515,12,Pendidikan,784,0,0.85,2,263562250,Tidak Default
CUST000742,38,Laki-laki,SMA,Freelancer,30794196,136770427,60,Pendidikan,757,2,0.48,1,,Tidak Default
CUST000743,34,perempuan,S2,Wiraswasta,33634722,164063859,24,Modal Usaha,430,5,0.87,6,11013786,Default
CUST000744,63,Laki-laki,SMA,Wiraswasta,27547439,211226337,24,Pendidikan,824,2,,8,19550270,Tidak Default
CUST000745,36,Laki-laki,SMA,PNS,,155326910,12,Kendaraan,569,3,0.62,10,235600324,Tidak Default
CUST000746,44,Laki-laki,S1,Karyawan Kontrak,33118690,25710124,12,Modal Usaha,357,3,0.88,7,23350498,Tidak Default
CUST000747,,Laki-laki,S1,Karyawan Tetap,11307234,64464122,48,Pendidikan,414,5,0.85,1,147211365,Tidak Default
CUST000748,36,Laki-laki,SMA,Karyawan Tetap,29266169,224178969,60,Pendidikan,428,0,0.84,5,328973463,Tidak Default
CUST000749,58,Laki-laki,SMA,Karyawan Tetap,30714270,22554551,48,Renovasi Rumah,679,5,0.23,12,437081887,Tidak Default
CUST000750,53,Laki-laki,S1,Karyawan Tetap,48328764,114318276,12,Pendidikan,745,0,0.81,8,187785117,Default
CUST000751,33,Perempuan,S2,PNS,41975086,256152944,12,Pendidikan,796,4,0.12,10,,Default
CUST000752,29,Perempuan,S2,PNS,49561901,200930184,12,Modal Usaha,745,2,0.37,4,3942613,Tidak Default
CUST000753,37,Perempuan,S2,PNS,36345171,232910337,12,Konsumsi,821,1,0.22,12,450329126,Tidak Default
CUST000754,51,Laki-laki,D3,Karyawan Kontrak,36626442,149949801,12,Renovasi Rumah,747,5,0.22,11,460515489,Tidak Default
CUST000755,60,Laki-laki,D3,Karyawan Tetap,15497906,285879487,36,Renovasi Rumah,785,4,0.45,4,405428853,Tidak Default
CUST000756,56,Laki-laki,SMA,PNS,44356641,273352114,36,Modal Usaha,784,3,0.47,4,327785302,Tidak Default
CUST000757,45,Laki-laki,S2,PNS,44432921,274504257,36,Renovasi Rumah,330,2,0.67,0,494895325,Default
CUST000758,55,Laki-laki,SMA,Freelancer,6483846,109010296,24,Pendidikan,441,0,0.2,0,42212469,Tidak Default
CUST000759,50,Laki-laki,D3,Karyawan Kontrak,9953501,19070702,36,Renovasi Rumah,652,1,0.8,10,325717716,Default
CUST000760,28,Perempuan,SMA,Karyawan Kontrak,21916289,96725463,48,Pendidikan,353,2,0.72,8,27932849,Default
CUST000761,63,Laki-laki,D3,Karyawan Tetap,21666936,256274961,12,Modal Usaha,339,0,0.2,3,69165850,Tidak Default
CUST000762,61,Perempuan,SMA,PNS,12729538,40764123,60,Modal Usaha,515,5,0.21,4,116235137,Tidak Default
CUST000763,60,Laki-laki,D3,Karyawan Kontrak,36929180,235242152,60,Konsumsi,653,4,0.79,4,239651077,Tidak Default
CUST000764,31,Perempuan,SMA,Wiraswasta,3728272,17174944,12,Pendidikan,711,0,0.74,7,163792886,Default
CUST000765,64,Laki-laki,D3,Wiraswasta,33123312,81866343,24,Modal Usaha,448,2,0.75,9,147546927,Tidak Default
CUST000766,37,Laki-laki,D3,Freelancer,,142029966,48,Modal Usaha,497,3,0.6,5,113758420,Default
CUST000767,53,Laki-laki,S2,Wiraswasta,38399851,10428688,36,Renovasi Rumah,496,5,0.88,9,174871229,Default
CUST000768,24,Laki-laki,D3,,35667888,280325674,24,Modal Usaha,722,1,0.16,10,206979585,Tidak Default
CUST000769,23,Laki-laki,S1,Karyawan Tetap,15233921,99693387,36,Konsumsi,776,4,0.83,5,,Tidak Default
CUST000770,56,Perempuan,D3,Karyawan Kontrak,40019601,298272965,48,Konsumsi,634,5,0.78,11,,Default
CUST000771,44,Perempuan,D3,PNS,40217948,192713905,12,Pendidikan,408,2,0.42,2,68743711,Default
CUST000772,58,Perempuan,S2,PNS,37739151,86032223,24,Pendidikan,552,0,0.78,12,,Tidak Default
CUST000773,52,Perempuan,S1,PNS,12668271,243102265,60,Modal Usaha,,5,0.87,12,492530966,Tidak Default
CUST000774,26,Laki-laki,D3,Karyawan Kontrak,7100176,147199324,48,Pendidikan,809,2,0.58,11,218270666,Default
CUST000775,,Laki-laki,S1,Karyawan Tetap,31815557,79414884,48,Konsumsi,716,0,0.59,0,75238729,Tidak Default
CUST000776,36,Perempuan,S1,PNS,49592327,151544875,12,Pendidikan,413,1,0.05,1,,Tidak Default
CUST000777,50,Laki-laki,S1,PNS,9720958,197015966,60,Modal Usaha,669,2,0.78,12,105426461,Default
CUST000778,58,Perempuan,SMA,Karyawan Kontrak,42280997,41569732,36,Renovasi Rumah,757,5,0.4,4,452050973,Tidak Default
CUST000779,44,Laki-laki,S1,Karyawan Tetap,36052510,208641430,24,Pendidikan,614,1,0.1,1,167426818,Tidak Default
CUST000780,61,Perempuan,S1,Karyawan Kontrak,10942144,44300865,48,Kendaraan,806,5,0.76,6,233684325,Tidak Default
CUST000781,45,Perempuan,S1,PNS,29010485,238683765,24,Pendidikan,410,4,0.06,9,,Tidak Default
CUST000782,33,Perempuan,S2,PNS,45319398,249615258,60,Pendidikan,456,0,0.83,11,7230413,Default
CUST000783,22,Perempuan,,Freelancer,24889003,178111317,12,Pendidikan,609,1,0.39,8,74341076,Default
CUST000784,28,Laki-laki,SMA,Wiraswasta,16027731,192656207,48,Modal Usaha,525,5,0.16,5,206271505,Tidak Default
CUST000785,28,Perempuan,S2,Karyawan Tetap,28860672,180400847,12,Modal Usaha,401,2,0.84,6,375838741,Default
CUST000786,56,Perempuan,SMA,Karyawan Tetap,49420860,255911975,48,Modal Usaha,713,0,0.75,9,103621471,Default
CUST000787,41,Perempuan,S2,Karyawan Kontrak,49179732,257393531,24,Konsumsi,686,3,0.46,2,165011593,Tidak Default
CUST000788,57,Laki-laki,S1,Karyawan Kontrak,33009010,205707958,12,Renovasi Rumah,742,5,0.56,12,334670346,Default
CUST000789,55,Laki-laki,D3,Freelancer,11155234,60365097,12,Pendidikan,776,5,0.29,11,103591191,Tidak Default
CUST000790,33,Laki-laki,S1,PNS,41080108,95131602,12,Konsumsi,313,1,0.22,6,,Default
CUST000791,50,Perempuan,D3,Karyawan Tetap,29004077,111836158,60,Pendidikan,621,5,0.32,5,43710221,Default
CUST000792,43,Laki-laki,S1,PNS,21715403,7868038,12,Renovasi Rumah,573,5,0.57,2,487697373,Tidak Default
CUST000793,30,Laki-laki,S2,,34614887,291477985,36,Modal Usaha,328,5,0.1,6,26549938,Tidak Default
CUST000794,58,Laki-laki,S2,Freelancer,21994304,273878254,48,Konsumsi,610,0,0.79,6,466459154,Default
CUST000795,22,Perempuan,S1,Freelancer,27357020,6640373,24,Renovasi Rumah,729,3,0.51,11,322898112,Default
CUST000796,40,Laki-laki,SMA,Freelancer,5853078,174042685,24,Konsumsi,402,4,0.15,5,,Default
CUST000797,32,Laki-laki,SMA,Freelancer,48794947,187084459,24,Pendidikan,N/A,2,0.61,2,452243343,Tidak Default
CUST000798,32,Perempuan,S1,PNS,17404834,195917786,36,Renovasi Rumah,672,4,0.53,9,211042105,Tidak Default
CUST000799,36,Perempuan,SMA,Freelancer,4375764,212717311,60,Pendidikan,768,2,0.2,0,216434961,Tidak Default
CUST000800,31,Laki-laki,SMA,PNS,11939708,8358977,36,Kendaraan,553,4,0.86,8,,Tidak Default
CUST000801,41,Laki-laki,D3,Wiraswasta,7426183,188055354,24,Modal Usaha,687,4,0.58,3,34753019,Default
CUST000802,28,Perempuan,D3,Karyawan Tetap,3373797,60995886,12,Konsumsi,688,4,0.72,1,453968270,Tidak Default
CUST000803,40,Laki-laki,D3,PNS,37156449,29119061,60,Pendidikan,459,5,0.22,12,368153105,Default
CUST000804,42,Perempuan,S1,Wiraswasta,23095058,115515442,36,Renovasi Rumah,834,2,0.55,1,73234321,Tidak Default
CUST000805,61,Laki-laki,S1,Karyawan Tetap,48799694,116636856,12,Modal Usaha,385,5,0.65,,63986012,Default
CUST000806,50,Perempuan,D3,PNS,28170255,241772705,12,Renovasi Rumah,540,2,0.3,5,241024016,Tidak Default
CUST000807,62,Laki-laki,S2,Karyawan Kontrak,3756355,79500744,24,Kendaraan,682,5,0.29,4,80880332,Tidak Default
CUST000808,39,Perempuan,SMA,Freelancer,38573176,186707429,36,Modal Usaha,717,0,0.51,3,152045965,Tidak Default
CUST000809,49,Laki-laki,SMA,PNS,18163306,288377858,36,Konsumsi,324,1,0.42,7,191039163,Tidak Default
CUST000810,64,Laki-laki,SMA,,37736470,136822407,24,Konsumsi,412,1,0.2,7,207646548,Default
CUST000811,51,Perempuan,D3,Karyawan Kontrak,25145185,86797182,24,Pendidikan,521,2,0.81,5,,Tidak Default
CUST000812,45,Laki-laki,S1,Freelancer,10367663,206844209,24,Renovasi Rumah,734,4,0.21,,59376395,Tidak Default
CUST000813,51,Laki-laki,S1,PNS,28619674,154900147,12,Konsumsi,840,3,,0,119794664,Tidak Default
CUST000814,65,Perempuan,SMA,PNS,33668208,233296824,12,Modal Usaha,429,2,0.47,4,210812078,Tidak Default
CUST000815,48,Laki-laki,D3,Wiraswasta,42222531,111708140,36,Kendaraan,611,0,0.55,4,437204027,Default
CUST000816,54,Laki-laki,D3,Karyawan Tetap,45099021,263175634,48,Pendidikan,413,3,0.55,0,130414237,Tidak Default
CUST000817,26,Laki-laki,D3,Karyawan Kontrak,39003840,257419353,36,Pendidikan,645,4,0.88,10,,Default
CUST000818,52,Perempuan,SMA,Wiraswasta,39590228,73946158,36,Kendaraan,455,4,0.56,10,211699870,Tidak Default
CUST000819,28,Perempuan,SMA,Karyawan Kontrak,14480559,272155787,60,Kendaraan,699,3,0.56,3,225439416,Tidak Default
CUST000820,40,Perempuan,SMA,Freelancer,15976336,21947649,48,Renovasi Rumah,662,3,0.07,5,322303841,Default
CUST000821,22,Perempuan,S2,PNS,13630082,156104502,24,Kendaraan,539,1,0.56,10,261174884,Default
CUST000822,25,Laki-laki,S2,PNS,7517356,167583829,60,Modal Usaha,366,0,0.21,0,42591544,Default
CUST000823,41,Perempuan,D3,Wiraswasta,22897727,269315841,48,Renovasi Rumah,548,1,0.31,6,272592461,Default
CUST000824,56,Perempuan,S2,Karyawan Tetap,17604912,272821602,36,Modal Usaha,558,0,0.62,1,340157680,Tidak Default
CUST000825,35,Perempuan,S2,PNS,18866461,94734459,48,Renovasi Rumah,611,5,0.38,4,167058348,Tidak Default
CUST000826,60,Laki-laki,S1,Karyawan Tetap,44648562,74566965,48,Renovasi Rumah,300,4,0.41,7,318432159,Default
CUST000827,52,Perempuan,D3,Karyawan Tetap,30090147,198420288,60,Renovasi Rumah,477,5,0.43,7,172120713,Tidak Default
CUST000828,34,Perempuan,S2,Karyawan Kontrak,43334522,82211155,60,Pendidikan,324,1,0.3,3,26947654,Tidak Default
CUST000829,39,Laki-laki,D3,Freelancer,18353032,58450384,60,Konsumsi,414,0,0.3,6,314891611,Tidak Default
CUST000830,51,Perempuan,,Karyawan Tetap,22436885,231315686,12,Kendaraan,379,2,0.62,1,484323445,Tidak Default
CUST000831,53,Perempuan,S1,Karyawan Kontrak,25558897,140189921,60,Modal Usaha,794,1,0.23,11,278017909,Tidak Default
CUST000832,28,Laki-laki,D3,Freelancer,39230166,256583965,24,Pendidikan,344,0,0.81,6,443927510,Default
CUST000833,49,Laki-laki,S1,Wiraswasta,46683672,230696912,60,Pendidikan,809,3,,3,414327726,Tidak Default
CUST000834,35,Perempuan,SMA,PNS,34839103,145895518,24,Kendaraan,594,5,0.23,1,206318321,Tidak Default
CUST000835,41,Laki-laki,S1,PNS,3251179,203638569,60,Renovasi Rumah,626,2,0.12,6,334721452,Tidak Default
CUST000836,42,Laki-laki,D3,Karyawan Tetap,30646738,23255813,36,Modal Usaha,579,5,0.16,10,195796980,Tidak Default
CUST000837,38,Laki-laki,S2,PNS,47968743,227822261,12,Modal Usaha,697,5,0.06,9,11907845,Default
CUST000838,50,,SMA,Karyawan Tetap,48850464,296418285,24,Pendidikan,434,0,0.62,3,235189505,Default
CUST000839,23,Laki-laki,SMA,PNS,24624698,280531759,48,Kendaraan,459,5,0.36,1,385261948,Tidak Default
CUST000840,46,Laki-laki,SMA,Karyawan Kontrak,43576515,134653970,36,Renovasi Rumah,397,1,0.36,12,148908928,Default
CUST000841,23,Perempuan,S1,Karyawan Kontrak,7764225,262972835,24,Modal Usaha,600,5,0.8,2,113463069,Default
CUST000842,45,Laki-laki,S2,Wiraswasta,14990751,150586843,48,Pendidikan,607,2,0.89,2,469259876,Default
CUST000843,64,Laki-laki,S2,Karyawan Tetap,3523363,56539513,48,Modal Usaha,833,4,0.4,7,195360766,Tidak Default
CUST000844,60,Laki-laki,SMA,Karyawan Tetap,43311647,181133569,48,Pendidikan,539,4,0.38,11,428635815,Default
CUST000845,63,Laki-laki,SMA,Freelancer,35926038,248945729,36,Renovasi Rumah,486,4,0.45,10,253463908,Default
CUST000846,31,Laki-laki,D3,PNS,33922507,77429597,12,Kendaraan,351,3,0.06,2,219561269,Default
CUST000847,47,Perempuan,S2,Freelancer,39935710,20424782,48,Pendidikan,791,2,0.82,3,199327512,Tidak Default
CUST000848,38,Laki-laki,S1,PNS,19915945,280759665,36,Modal Usaha,569,3,0.12,0,17101415,Tidak Default
CUST000849,37,Laki-laki,S1,Karyawan Kontrak,,124468464,12,Pendidikan,658,0,0.06,2,60501174,Tidak Default
CUST000850,35,Perempuan,D3,PNS,47345653,169525847,36,Renovasi Rumah,320,0,0.76,6,2605627,Default
CUST000851,53,Laki-laki,S1,PNS,11933243,125997631,36,Kendaraan,744,4,0.39,2,,Tidak Default
CUST000852,47,Laki-laki,SMA,Freelancer,8033113,191677110,12,Modal Usaha,328,4,0.87,5,274434163,Default
CUST000853,36,Laki-laki,S2,PNS,10614338,80703699,12,Modal Usaha,455,0,0.45,3,,Default
CUST000854,42,Laki-laki,SMA,PNS,11935369,220839991,48,Renovasi Rumah,587,1,0.72,4,107526877,Default
CUST000855,35,LAKI-LAKI,S2,Freelancer,40256228,26524399,48,Kendaraan,763,2,0.11,2,472127808,Tidak Default
CUST000856,39,Laki-laki,SMA,Karyawan Kontrak,44133377,258162627,60,Kendaraan,307,1,0.74,11,184079813,Default
CUST000857,49,Laki-laki,S1,Freelancer,23170862,29117449,12,Konsumsi,346,0,,12,325199192,Default
CUST000858,39,Perempuan,SMA,Karyawan Kontrak,10609597,105307460,36,Modal Usaha,423,2,,11,,Tidak Default
CUST000859,55,Laki-laki,S1,Freelancer,41392896,215583381,60,Renovasi Rumah,617,4,0.62,0,383300315,Default
CUST000860,62,Laki-laki,D3,Karyawan Kontrak,39294425,27016765,36,Konsumsi,511,5,0.45,1,207501184,Tidak Default
CUST000861,63,Laki-laki,S2,PNS,28101444,15150486,36,Pendidikan,804,4,0.37,1,394015423,Tidak Default
CUST000862,51,Laki-laki,SMA,PNS,34490304,143050025,60,Kendaraan,533,5,0.23,6,260709875,Default
CUST000863,42,Laki-laki,S1,Karyawan Tetap,37197089,264167690,48,Pendidikan,379,4,0.23,7,155809733,Default
CUST000864,33,Laki-laki,S1,Freelancer,48716594,47200936,48,Renovasi Rumah,822,0,0.41,4,147424934,Tidak Default
CUST000865,23,Perempuan,S1,Karyawan Kontrak,14215242,296619816,12,Pendidikan,592,2,0.14,10,303757752,Tidak Default
CUST000866,40,Laki-laki,S1,Wiraswasta,47934832,299939026,60,Modal Usaha,570,0,0.65,9,,Default
CUST000867,40,Perempuan,D3,PNS,10929859,15859863,24,Renovasi Rumah,624,0,0.54,7,249376617,Default
CUST000868,29,Laki-laki,,Karyawan Kontrak,5010121,108511847,48,Modal Usaha,476,1,0.61,4,17641196,Tidak Default
CUST000869,52,Perempuan,S1,Karyawan Tetap,41428756,178809135,48,Renovasi Rumah,695,0,0.44,2,,Tidak Default
CUST000870,31,,D3,PNS,5616316,47328429,12,Konsumsi,739,0,0.55,12,442153542,Tidak Default
CUST000871,61,Laki-laki,SMA,Karyawan Tetap,49054210,167045879,48,Pendidikan,407,3,0.2,7,,Default
CUST000872,57,Perempuan,S2,Karyawan Tetap,25107399,40711786,48,Renovasi Rumah,751,1,0.84,12,65833547,Tidak Default
CUST000873,51,Perempuan,D3,Wiraswasta,31287939,276907095,48,Pendidikan,558,0,0.41,9,195454294,Default
CUST000874,57,perempuan,SMA,Freelancer,8906629,103948459,36,Kendaraan,831,0,0.31,11,246662959,Tidak Default
CUST000875,42,Laki-laki,D3,Wiraswasta,17364708,158321851,48,Renovasi Rumah,539,5,0.75,,439733005,Tidak Default
CUST000876,33,Perempuan,S2,Karyawan Tetap,49870659,279703935,12,Kendaraan,589,2,0.28,0,41946443,Tidak Default
CUST000877,37,Laki-laki,SMA,Freelancer,20651033,278162119,60,Renovasi Rumah,756,5,0.51,11,127386976,Default
CUST000878,44,Perempuan,SMA,PNS,41836543,259441755,48,Konsumsi,567,4,0.14,8,362522562,Tidak Default
CUST000879,61,Laki-laki,SMA,Freelancer,9323184,68362462,12,Modal Usaha,384,1,0.64,2,127336533,Tidak Default
CUST000880,58,Perempuan,SMA,Karyawan Kontrak,20386689,62751641,12,Renovasi Rumah,698,1,0.35,9,,Tidak Default
CUST000881,49,Laki-laki,S2,Freelancer,49631177,269038830,36,Konsumsi,833,2,0.15,7,236301128,Default
CUST000882,53,Laki-laki,S1,Karyawan Kontrak,32902245,147714285,24,Konsumsi,751,5,0.4,11,,Default
CUST000883,23,Laki-laki,SMA,PNS,16822673,105646679,60,Konsumsi,758,4,0.31,6,89085442,Tidak Default
CUST000884,54,Laki-laki,D3,Wiraswasta,42993272,181091713,24,Kendaraan,758,3,0.89,0,109101625,Default
CUST000885,26,Laki-laki,D3,Freelancer,21070981,270112390,60,Kendaraan,369,4,0.82,6,280760433,Default
CUST000886,43,Perempuan,S2,,19507460,246861729,48,Pendidikan,796,3,0.06,2,490902514,Tidak Default
CUST000887,43,Laki-laki,S1,Freelancer,22754693,103011250,60,Modal Usaha,710,4,0.43,1,169058320,Tidak Default
CUST000888,55,Perempuan,S2,Wiraswasta,10123996,235610978,24,Kendaraan,623,4,,10,189167659,Default
CUST000889,33,Perempuan,S1,Wiraswasta,27023145,212238112,24,Kendaraan,642,0,0.46,5,,Tidak Default
CUST000890,51,Laki-laki,S2,Freelancer,20761613,214631210,24,Renovasi Rumah,521,1,0.14,12,412495746,Tidak Default
CUST000891,57,Laki-laki,D3,Wiraswasta,6981081,216231221,36,Konsumsi,,4,0.9,2,467263953,Default
CUST000892,53,Laki-laki,S1,Karyawan Tetap,19081868,281749306,24,Renovasi Rumah,781,5,0.25,12,131277877,Tidak Default
CUST000893,62,Perempuan,S1,Wiraswasta,46969608,22425883,12,Modal Usaha,305,1,0.38,11,308474801,Default
CUST000894,58,Perempuan,SMA,Wiraswasta,40443628,147929478,12,Renovasi Rumah,604,5,0.45,10,170968954,Tidak Default
CUST000895,52,Perempuan,SMA,Freelancer,29901551,125099045,36,Konsumsi,530,0,0.72,4,,Default
CUST000896,28,Laki-laki,S2,Karyawan Kontrak,4630515,176412446,48,Renovasi Rumah,453,2,0.72,6,223767992,Default
CUST000897,50,Laki-laki,D3,PNS,31390877,243386432,48,Pendidikan,510,4,,10,144568133,Tidak Default
CUST000898,56,Laki-laki,SMA,Karyawan Tetap,17740217,42185095,60,Kendaraan,,3,0.39,,154642521,Tidak Default
CUST000899,26,Laki-laki,S2,Karyawan Kontrak,22554890,211965014,36,Modal Usaha,635,2,0.56,4,466137463,Tidak Default
CUST000900,52,Perempuan,SMA,Karyawan Tetap,46475957,204747388,48,Pendidikan,448,0,0.84,8,274334074,Default
CUST000901,39,Laki-laki,,Karyawan Tetap,30422221,257504490,12,Pendidikan,727,0,0.58,8,439848328,Tidak Default
CUST000902,57,Perempuan,SMA,Karyawan Tetap,30862063,140670662,24,Konsumsi,591,5,0.18,6,457511270,Default
CUST000903,41,Perempuan,SMA,Wiraswasta,47725627,199474912,24,Modal Usaha,715,4,0.85,8,28707458,Tidak Default
CUST000904,50,Laki-laki,S2,Wiraswasta,43372851,262502132,36,Konsumsi,748,0,0.6,12,39919553,Tidak Default
CUST000905,55,Laki-laki,SMA,Wiraswasta,38121292,40276862,12,Modal Usaha,760,2,0.7,9,435952504,Tidak Default
CUST000906,59,Perempuan,S1,,5734975,151778022,24,Konsumsi,503,4,0.45,5,,Default
CUST000907,22,Laki-laki,D3,Freelancer,43587914,279948389,24,Renovasi Rumah,314,2,,4,69540748,Default
CUST000908,63,Laki-laki,D3,Freelancer,32849330,96112525,36,Pendidikan,720,1,0.87,6,,Default
CUST000909,22,Perempuan,S2,Wiraswasta,20105298,250526048,24,Pendidikan,537,0,0.71,11,63060822,Default
CUST000910,65,Laki-laki,D3,Wiraswasta,7663176,100318532,24,Kendaraan,545,0,0.75,,10211272,Default
CUST000911,57,Perempuan,SMA,Karyawan Kontrak,27776538,109204877,60,Konsumsi,384,3,0.5,5,,Tidak Default
CUST000912,46,Laki-laki,D3,Freelancer,3114596,145919159,60,Modal Usaha,473,3,0.62,7,131277704,Tidak Default
CUST000913,26,Perempuan,SMA,Karyawan Kontrak,8291286,264902565,24,Kendaraan,657,5,0.26,0,65027126,Tidak Default
CUST000914,29,Laki-laki,SMA,PNS,24578645,17766665,12,Pendidikan,460,3,,2,397646154,Default
CUST000915,45,Perempuan,S1,Karyawan Tetap,32944433,294252931,12,Kendaraan,349,4,0.19,1,423812753,Tidak Default
CUST000916,33,Perempuan,S2,Freelancer,15506207,20539043,36,Renovasi Rumah,827,3,0.53,8,295887441,Default
CUST000917,25,Perempuan,S2,Karyawan Tetap,4597675,203196445,12,Renovasi Rumah,662,3,0.43,2,16924383,Tidak Default
CUST000918,51,Laki-laki,S2,PNS,38994265,272388142,48,Kendaraan,544,5,0.5,10,,Tidak Default
CUST000919,,Laki-laki,SMA,Karyawan Kontrak,41104880,122090311,60,Renovasi Rumah,762,2,0.55,6,460090194,Default
CUST000920,39,Perempuan,D3,Karyawan Kontrak,26190076,48719988,36,Pendidikan,378,3,0.58,7,,Default
CUST000921,40,Laki-laki,D3,PNS,41245918,189854919,36,Konsumsi,844,1,0.37,11,36351172,Tidak Default
CUST000922,23,Perempuan,D3,Freelancer,21885001,28137129,12,Renovasi Rumah,564,4,0.23,11,10012439,Tidak Default
CUST000923,55,Perempuan,S2,PNS,20804465,111977263,24,Modal Usaha,635,2,0.8,4,484422831,Default
CUST000924,46,Perempuan,S1,Freelancer,16909420,50052538,24,Konsumsi,706,3,0.52,6,187608638,Tidak Default
CUST000925,23,Laki-laki,SMA,Karyawan Kontrak,33742455,263149775,12,Renovasi Rumah,744,0,0.78,6,378771752,Tidak Default
CUST000926,52,Perempuan,SMA,PNS,30409659,287835037,24,Modal Usaha,758,2,0.34,12,173096922,Tidak Default
CUST000927,53,Laki-laki,S2,Freelancer,32525232,135727037,12,Kendaraan,733,1,0.67,2,458982462,Tidak Default
CUST000928,24,Perempuan,SMA,Karyawan Kontrak,30859029,65751092,60,Kendaraan,508,0,0.68,7,14097231,Tidak Default
CUST000929,65,Perempuan,SMA,Wiraswasta,36543839,83037071,12,Kendaraan,802,0,0.34,7,268011234,Default
CUST000930,53,Perempuan,S1,PNS,40676270,45405314,48,Modal Usaha,531,5,0.6,10,,Tidak Default
CUST000931,44,Perempuan,S2,Wiraswasta,39353901,147600470,24,Kendaraan,774,5,0.43,7,425765429,Default
CUST000932,44,Perempuan,S2,Karyawan Kontrak,26037614,224378279,48,Modal Usaha,767,5,0.73,3,455337239,Default
CUST000933,57,Perempuan,SMA,Karyawan Tetap,32242765,141474325,60,Kendaraan,300,1,0.23,8,201440444,Tidak Default
CUST000934,57,Perempuan,D3,Wiraswasta,6048020,270434032,60,Renovasi Rumah,742,4,0.45,8,461286977,Tidak Default
CUST000935,41,Perempuan,S2,Karyawan Kontrak,36017371,258814133,24,Modal Usaha,750,1,0.52,9,313467159,Tidak Default
CUST000936,52,Perempuan,S2,Karyawan Tetap,27926326,121444328,36,Pendidikan,547,1,0.39,1,432436706,Default
CUST000937,28,Laki-laki,D3,Karyawan Tetap,16691358,71967797,60,Kendaraan,345,1,0.28,9,,Tidak Default
CUST000938,28,Laki-laki,SMA,Karyawan Tetap,47656272,212699974,24,Pendidikan,817,4,0.29,4,53592558,Tidak Default
CUST000939,65,Laki-laki,D3,Karyawan Tetap,46140236,64537653,24,Pendidikan,615,1,0.46,6,,Tidak Default
CUST000940,33,,D3,Wiraswasta,23732767,236293344,48,Konsumsi,580,5,0.59,4,279137587,Tidak Default
CUST000941,38,Perempuan,S2,Karyawan Kontrak,48682789,285202544,24,Kendaraan,579,4,0.61,4,453510172,Default
CUST000942,63,Laki-laki,S2,Karyawan Tetap,47751494,77096324,24,Modal Usaha,361,2,0.78,11,411860654,Default
CUST000943,55,Laki-laki,,,28611869,105369972,60,Pendidikan,833,2,0.59,4,,Tidak Default
CUST000944,39,Perempuan,S2,PNS,35375185,246168222,60,Modal Usaha,544,3,0.6,5,316654431,Default
CUST000945,64,Laki-laki,,Wiraswasta,43708234,217373432,36,Kendaraan,746,3,0.36,9,,Tidak Default
CUST000946,27,Perempuan,SMA,Freelancer,43675237,239758201,48,Modal Usaha,543,4,0.63,10,,Default
CUST000947,45,Perempuan,S1,Freelancer,26418746,213387218,12,Modal Usaha,845,2,0.45,2,,Tidak Default
CUST000948,39,Laki-laki,D3,Karyawan Kontrak,19100801,284031143,48,Kendaraan,578,1,0.46,4,494469518,Tidak Default
CUST000949,22,Laki-laki,D3,Wiraswasta,25665547,183756991,48,Konsumsi,641,3,0.08,0,,Tidak Default
CUST000950,64,Perempuan,S1,,26722095,131027871,24,Renovasi Rumah,560,5,0.72,4,499824064,Tidak Default
CUST000951,24,Perempuan,S1,Freelancer,16095760,198255914,60,Konsumsi,514,5,0.71,10,319996557,Default
CUST000952,59,Laki-laki,D3,Karyawan Kontrak,3104063,250893727,60,Konsumsi,712,5,0.44,4,487628370,Tidak Default
CUST000953,29,Perempuan,D3,Karyawan Tetap,5738974,148422140,12,Kendaraan,784,3,0.29,9,193132670,Tidak Default
CUST000954,46,Perempuan,S1,Karyawan Kontrak,18064762,151231879,24,Renovasi Rumah,702,4,0.47,2,498716663,Tidak Default
CUST000955,63,Laki-laki,,Karyawan Tetap,42093570,279820524,60,Kendaraan,782,0,0.23,8,,Default
CUST000956,31,Perempuan,S1,Wiraswasta,7888433,192219641,60,Modal Usaha,366,5,0.69,10,,Default
CUST000957,64,Laki-laki,S1,Wiraswasta,38041005,259830750,24,Renovasi Rumah,751,3,0.41,5,417329686,Tidak Default
CUST000958,29,Perempuan,SMA,Freelancer,22313961,80848329,36,Pendidikan,388,0,0.73,4,72166662,Default
CUST000959,37,Perempuan,S1,PNS,14650506,229794575,48,Renovasi Rumah,445,0,0.65,10,433086031,Tidak Default
CUST000960,49,Perempuan,S2,Wiraswasta,22118581,82431634,24,Pendidikan,686,1,0.59,7,106624585,Tidak Default
CUST000961,37,Perempuan,S1,Karyawan Kontrak,27456571,65734530,24,Kendaraan,370,1,0.5,1,379895924,Default
CUST000962,35,Perempuan,,Karyawan Tetap,10026441,255827215,12,Kendaraan,692,0,0.44,12,305428603,Tidak Default
CUST000963,22,Perempuan,SMA,PNS,7185658,244581142,12,Pendidikan,791,5,0.05,8,,Default
CUST000964,,Perempuan,S1,Wiraswasta,37299173,279694141,12,Modal Usaha,641,0,0.25,4,202482740,Default
CUST000965,50,Perempuan,S1,Freelancer,,131102322,36,Kendaraan,417,1,0.44,10,,Default
CUST000966,48,Laki-laki,D3,Karyawan Tetap,45527785,225739290,24,Konsumsi,829,4,,12,113594445,Tidak Default
CUST000967,51,Laki-laki,S2,Karyawan Tetap,11424529,242806232,60,Konsumsi,731,4,0.76,0,446278420,Default
CUST000968,35,Laki-laki,D3,Freelancer,5578789,104716578,60,Modal Usaha,801,4,0.84,4,62941186,Tidak Default
CUST000969,34,Perempuan,S1,Karyawan Tetap,10307974,101677268,60,Konsumsi,497,3,0.41,6,322348556,Default
CUST000970,47,Laki-laki,S1,Karyawan Tetap,35395792,280875799,36,Kendaraan,811,2,0.6,7,387355358,Default
CUST000971,46,Perempuan,SMA,Wiraswasta,23439700,268552164,36,Renovasi Rumah,787,1,0.17,8,314469135,Tidak Default
CUST000972,65,Perempuan,D3,Karyawan Kontrak,17551339,229768332,12,Konsumsi,674,1,0.15,4,301755329,Tidak Default
CUST000973,56,Laki-laki,S1,Karyawan Tetap,9650470,127128963,24,Pendidikan,789,3,0.12,10,398490417,Tidak Default
CUST000974,47,,S2,Karyawan Tetap,22111397,238330347,60,Kendaraan,446,4,0.14,8,50138846,Tidak Default
CUST000975,64,Laki-laki,S2,PNS,41375084,24928911,48,Pendidikan,336,5,0.07,12,307547638,Default
CUST000976,57,Perempuan,D3,Karyawan Tetap,25571001,199610777,60,Konsumsi,616,0,0.85,0,367515358,Tidak Default
CUST000977,59,Laki-laki,,PNS,3231524,283477851,12,Pendidikan,717,0,0.13,2,404397308,Tidak Default
CUST000978,53,Laki-laki,S1,Karyawan Kontrak,12248387,165333978,60,Renovasi Rumah,366,0,0.72,8,,Default
CUST000979,31,Laki-laki,S2,Karyawan Kontrak,47841068,191141097,48,Modal Usaha,462,5,0.3,0,372556564,Tidak Default
CUST000980,31,Laki-laki,SMA,Freelancer,39901718,166982527,24,Renovasi Rumah,615,3,0.48,0,255647030,Tidak Default
CUST000981,34,Laki-laki,S1,PNS,6367285,13235088,60,Modal Usaha,722,0,0.09,0,345737548,Tidak Default
CUST000982,22,Perempuan,S1,Wiraswasta,10364424,236080671,48,Modal Usaha,400,5,0.78,6,,Default
CUST000983,49,Laki-laki,S2,Wiraswasta,45451887,124526684,36,Modal Usaha,523,3,0.74,4,399743927,Default
CUST000984,29,Laki-laki,SMA,Karyawan Kontrak,47737997,187553002,36,Kendaraan,561,3,0.82,7,,Tidak Default
CUST000985,53,Laki-laki,S1,PNS,5870495,97318830,48,Modal Usaha,569,3,0.2,7,133328566,Default
CUST000986,61,Perempuan,S1,Wiraswasta,43527946,20428402,24,Pendidikan,768,5,0.75,0,380151521,Tidak Default
CUST000987,25,Perempuan,S2,Wiraswasta,28399133,271499282,12,Konsumsi,542,4,0.3,1,209962372,Tidak Default
CUST000988,61,L@ki-l@ki,SMA,Karyawan Tetap,3968419,267323189,48,Kendaraan,396,1,0.28,10,473380464,Default
CUST000989,47,Perempuan,S1,Karyawan Tetap,41702508,241031796,48,Kendaraan,767,1,0.47,6,26299187,Tidak Default
CUST000990,51,Perempuan,S2,Freelancer,13330850,271626267,48,Pendidikan,850,2,0.07,8,165680163,Tidak Default
CUST000991,22,Perempuan,S1,Wiraswasta,23763851,151114192,24,Renovasi Rumah,817,0,0.53,7,337559529,Tidak Default
CUST000992,28,Laki-laki,S1,Freelancer,47347060,25098404,48,Modal Usaha,301,1,0.3,5,370609731,Tidak Default
CUST000993,59,Laki-laki,S1,Karyawan Kontrak,20527635,271010092,12,Konsumsi,546,0,,11,75331215,Default
CUST000994,27,Laki-laki,SMA,Karyawan Tetap,40263217,81875415,36,Renovasi Rumah,724,3,0.36,12,,Tidak Default
CUST000995,63,Perempuan,S1,PNS,11592169,271023318,36,Pendidikan,504,4,,8,294776473,Default
CUST000996,23,Perempuan,SMA,Karyawan Kontrak,19354017,73059018,12,Pendidikan,810,0,0.1,11,290709707,Default
CUST000997,55,Perempuan,S1,Freelancer,45702225,209568740,60,Modal Usaha,469,1,0.16,4,,Tidak Default
CUST000998,33,Laki-laki,S2,Karyawan Tetap,35221379,272212355,60,Konsumsi,324,3,0.7,9,482378857,Tidak Default
CUST000999,45,Laki-laki,S2,Freelancer,20541471,225677503,12,Kendaraan,724,4,0.21,0,119450427,Tidak Default
CUST001000,23,Perempuan,,PNS,30853878,180626754,12,Konsumsi,443,1,0.15,2,339838010,Default
CUST001001,48,Perempuan,S1,Freelancer,8895550,124635226,12,Konsumsi,822,2,0.11,2,125246208,Tidak Default
CUST001002,32,Perempuan,S2,Freelancer,6684404,47647245,12,Konsumsi,440,1,0.16,4,,Default
CUST001003,36,Laki-laki,SMA,Karyawan Tetap,42096023,272808193,24,Konsumsi,791,3,0.65,11,451661086,Default
CUST001004,26,Perempuan,SMA,Wiraswasta,29253167,24766374,12,Konsumsi,475,5,0.16,11,322816968,Default
CUST001005,35,Laki-laki,,Wiraswasta,37691938,95995610,48,Konsumsi,773,5,0.59,3,,Tidak Default
CUST001006,50,Perempuan,S2,Wiraswasta,7198708,247190573,48,Konsumsi,589,5,0.5,10,76003282,Tidak Default
CUST001007,39,Perempuan,S1,Karyawan Tetap,45973662,186346239,60,Kendaraan,678,1,0.25,3,459544629,Tidak Default
CUST001008,53,Perempuan,S2,Karyawan Tetap,27077212,187715032,24,Pendidikan,802,3,0.7,7,449807555,Default
CUST001009,52,Perempuan,D3,Karyawan Tetap,25302832,261453524,48,Pendidikan,554,3,0.81,9,116429733,Default
CUST001010,31,Laki-laki,SMA,Wiraswasta,39285007,255728797,36,Kendaraan,652,4,0.77,4,166090747,Default
CUST001011,49,Perempuan,,Karyawan Tetap,19652310,276796366,36,Kendaraan,693,1,0.56,12,117550147,Tidak Default
CUST001012,36,Perempuan,S1,Karyawan Tetap,27611966,174341952,12,Renovasi Rumah,657,0,0.38,9,,Default
CUST001013,24,Laki-laki,D3,Wiraswasta,11296541,251189387,36,Konsumsi,678,0,0.77,10,82329386,Default
CUST001014,48,Perempuan,S2,Karyawan Tetap,24777104,130972231,60,Konsumsi,664,4,0.36,5,396977498,Tidak Default
CUST001015,33,Perempuan,S2,Karyawan Kontrak,33221432,41809076,12,Kendaraan,,5,0.24,3,303412797,Tidak Default
CUST001016,54,Laki-laki,SMA,Karyawan Kontrak,41424305,158510692,36,Renovasi Rumah,335,0,0.68,1,345791142,Tidak Default
CUST001017,23,Perempuan,,Wiraswasta,29137744,35620328,60,Modal Usaha,639,5,0.86,10,459438680,Tidak Default
CUST001018,23,Laki-laki,S1,Karyawan Kontrak,5310161,48935244,48,Konsumsi,N/A,3,0.67,2,163054336,Default
CUST001019,48,Perempuan,SMA,Freelancer,30618672,128412500,12,Pendidikan,621,3,0.13,2,246498965,Tidak Default
CUST001020,55,Laki-laki,D3,PNS,34495668,151559392,12,Konsumsi,426,5,0.42,,385130110,Default
CUST001021,50,Laki-laki,SMA,Karyawan Kontrak,48129489,242264772,60,Pendidikan,696,2,0.06,12,181955001,Tidak Default
CUST001022,29,Perempuan,S2,Karyawan Kontrak,24500499,248231228,48,Konsumsi,567,3,,11,206422036,Default
CUST001023,42,Perempuan,D3,Freelancer,47803140,245335706,60,Renovasi Rumah,657,3,0.07,8,416134283,Tidak Default
CUST001024,41,Laki-laki,S2,PNS,14594542,73842080,48,Kendaraan,545,1,0.26,0,480931703,Tidak Default
CUST001025,41,Laki-laki,D3,PNS,32334939,124961415,24,Renovasi Rumah,791,5,0.65,3,72703067,Tidak Default
CUST001026,36,,S2,Wiraswasta,43675201,82997409,12,Modal Usaha,826,0,0.8,,180870171,Tidak Default
CUST001027,22,Perempuan,D3,Karyawan Tetap,26640424,130088006,60,Pendidikan,757,4,0.22,11,92967901,Default
CUST001028,37,Laki-laki,SMA,PNS,4041966,168985934,60,Modal Usaha,721,0,0.14,3,51140846,Tidak Default
CUST001029,62,Laki-laki,SMA,Freelancer,5841432,201878242,36,Kendaraan,504,3,0.38,9,167936312,Default
CUST001030,50,Perempuan,D3,Freelancer,,67972584,60,Konsumsi,662,4,0.23,3,160004956,Tidak Default
CUST001031,35,Perempuan,S2,Wiraswasta,6389284,214285888,24,Modal Usaha,504,3,0.89,8,244457687,Default
CUST001032,45,Laki-laki,S1,Karyawan Tetap,17370952,231633266,60,Konsumsi,772,1,0.09,9,254735680,Default
CUST001033,57,Laki-laki,S1,Freelancer,46886163,293118697,48,Kendaraan,300,5,0.38,8,366124536,Tidak Default
CUST001034,22,Laki-laki,SMA,Karyawan Tetap,6831015,230730043,24,Renovasi Rumah,635,0,0.61,5,42522254,Default
CUST001035,36,Perempuan,S1,PNS,46152301,217355933,48,Pendidikan,848,3,0.72,8,262549058,Default
CUST001036,24,Laki-laki,SMA,Karyawan Kontrak,18465150,28324628,12,Konsumsi,775,1,0.43,,447814557,Default
CUST001037,62,Perempuan,,,9315123,286366985,60,Konsumsi,786,4,0.56,3,304831937,Default
CUST001038,23,Laki-laki,SMA,PNS,28286503,160744770,24,Konsumsi,728,5,0.46,9,7996851,Tidak Default
CUST001039,38,Laki-laki,D3,Wiraswasta,3953951,214732770,60,Renovasi Rumah,844,5,0.32,12,47462075,Tidak Default
CUST001040,31,Perempuan,D3,Wiraswasta,36497100,185920242,48,Pendidikan,,2,0.23,5,381493446,Tidak Default
CUST001041,38,Laki-laki,S2,Karyawan Tetap,48406744,107356425,60,Renovasi Rumah,446,3,0.23,2,317110718,Tidak Default
CUST001042,47,Laki-laki,SMA,Karyawan Kontrak,15597115,168327986,48,Konsumsi,839,4,0.75,2,327892009,Tidak Default
CUST001043,52,laki-laki,S1,Wiraswasta,40028402,16605638,12,Renovasi Rumah,350,4,0.41,5,300353595,Tidak Default
CUST001044,37,Perempuan,SMA,Freelancer,3641646,155380612,12,Pendidikan,726,4,0.19,9,107292890,Tidak Default
CUST001045,,Perempuan,S2,Karyawan Tetap,,162766341,24,Renovasi Rumah,553,1,0.1,5,287170166,Tidak Default
CUST001046,43,,D3,Karyawan Kontrak,45431767,182564452,24,Modal Usaha,640,3,0.51,0,209624287,Tidak Default
CUST001047,55,Perempuan,D3,Karyawan Kontrak,21841288,29673894,12,Kendaraan,310,0,0.45,,417287228,Default
CUST001048,51,Perempuan,SMA,Karyawan Kontrak,26302186,88696366,48,Renovasi Rumah,330,1,,9,433320447,Default
CUST001049,36,Perempuan,S1,PNS,20985617,194294743,24,Kendaraan,411,2,0.54,9,6313147,Tidak Default
CUST001050,30,,S2,Freelancer,46663638,178612532,24,Konsumsi,543,2,0.32,2,344339794,Default
CUST001051,26,Perempuan,D3,Karyawan Kontrak,49572294,21701738,24,Kendaraan,486,1,0.53,11,146735261,Default
CUST001052,23,L@ki-l@ki,,PNS,37298478,180305045,24,Kendaraan,325,0,0.15,9,,Default
CUST001053,55,Laki-laki,D3,Freelancer,18154488,167869539,36,Renovasi Rumah,540,3,0.27,1,281834450,Tidak Default
CUST001054,55,Perempuan,S1,Wiraswasta,28526367,296199278,12,Pendidikan,848,1,0.56,7,146276396,Tidak Default
CUST001055,27,Laki-laki,D3,Freelancer,7570679,185866557,48,Renovasi Rumah,762,0,0.84,10,280705844,Default
CUST001056,40,Perempuan,D3,Karyawan Kontrak,41104428,171542773,12,Modal Usaha,555,5,0.48,6,1012840,Tidak Default
CUST001057,28,Perempuan,D3,PNS,31137060,222767666,36,Renovasi Rumah,345,4,0.1,10,202923707,Tidak Default
CUST001058,47,,S1,PNS,18041784,158273513,24,Kendaraan,700,4,0.16,7,394283354,Tidak Default
CUST001059,33,Perempuan,SMA,Wiraswasta,28724204,139264677,24,Pendidikan,365,3,0.69,2,1268468,Default
CUST001060,36,Perempuan,S1,Karyawan Tetap,46724477,140375611,24,Modal Usaha,773,3,0.33,6,40844819,Tidak Default
CUST001061,64,Perempuan,S1,Karyawan Kontrak,25517665,74428379,60,Modal Usaha,702,4,0.38,2,64087364,Tidak Default
CUST001062,,Laki-laki,D3,Karyawan Kontrak,22872930,68820165,60,Renovasi Rumah,811,1,0.26,9,259697348,Tidak Default
CUST001063,30,Perempuan,S2,Karyawan Kontrak,3584113,77639538,24,Modal Usaha,713,0,0.8,3,177630760,Default
CUST001064,36,Laki-laki,S2,PNS,16423982,122604070,24,Renovasi Rumah,514,2,0.76,12,127813270,Tidak Default
CUST001065,32,Perempuan,S2,Wiraswasta,31721645,203459542,60,Konsumsi,729,2,0.06,7,241380910,Default
CUST001066,64,Perempuan,SMA,Karyawan Kontrak,27950520,44147309,12,Pendidikan,,5,0.24,5,299172168,Tidak Default
CUST001067,31,Perempuan,SMA,Karyawan Kontrak,19443906,243221902,12,Pendidikan,589,2,0.74,8,312678854,Default
CUST001068,61,Perempuan,S2,PNS,33582253,37202144,12,Kendaraan,554,4,0.59,1,67517177,Tidak Default
CUST001069,55,Laki-laki,SMA,Wiraswasta,8080117,23416756,60,Renovasi Rumah,319,2,0.56,,86384756,Default
CUST001070,40,Laki-laki,S2,Wiraswasta,33837800,39954957,36,Kendaraan,501,1,0.6,11,306909122,Default
CUST001071,24,Laki-laki,D3,PNS,46511297,108147492,24,Pendidikan,435,2,0.8,12,431384486,Default
CUST001072,65,Laki-laki,S2,Karyawan Tetap,27726023,200536023,48,Konsumsi,658,5,0.52,12,337942105,Default
CUST001073,38,Laki-laki,S2,Karyawan Tetap,27868835,177489731,12,Kendaraan,497,5,0.79,5,412498255,Tidak Default
CUST001074,60,Perempuan,SMA,Wiraswasta,7150296,48770775,12,Pendidikan,370,2,0.5,3,332643018,Tidak Default
CUST001075,61,Perempuan,S2,Wiraswasta,23962466,219511674,60,Pendidikan,497,0,0.47,3,228152720,Tidak Default
CUST001076,62,Perempuan,SMA,Karyawan Kontrak,4805024,243211576,24,Pendidikan,364,4,0.29,5,151997657,Default
CUST001077,40,Perempuan,S2,Karyawan Kontrak,46907052,241324560,24,Pendidikan,371,3,0.29,12,217344641,Default
CUST001078,57,Laki-laki,S1,PNS,18474341,205567252,24,Pendidikan,452,4,0.79,0,428871617,Default
CUST001079,28,Laki-laki,SMA,PNS,24192901,80129162,48,Renovasi Rumah,750,1,0.53,4,448386135,Tidak Default
CUST001080,47,Perempuan,D3,Karyawan Tetap,12358111,144244129,36,Renovasi Rumah,327,2,0.12,3,148219862,Tidak Default
CUST001081,63,Laki-laki,D3,Freelancer,27492177,286308116,60,Konsumsi,305,5,0.82,10,414397931,Tidak Default
CUST001082,61,Laki-laki,S2,Wiraswasta,22811397,176124914,48,Kendaraan,,2,0.54,4,62884518,Default
CUST001083,34,Perempuan,S2,Karyawan Kontrak,13562531,133748923,36,Konsumsi,494,5,0.82,4,76718732,Tidak Default
CUST001084,41,Perempuan,SMA,Karyawan Tetap,18855280,147653077,60,Konsumsi,471,2,0.84,8,244551875,Default
CUST001085,42,Perempuan,S2,Karyawan Kontrak,39377115,173055258,24,Renovasi Rumah,655,5,0.6,12,260464268,Tidak Default
CUST001086,28,Perempuan,D3,Karyawan Kontrak,25009533,89539074,48,Renovasi Rumah,306,3,0.46,3,110929614,Default
CUST001087,34,Perempuan,D3,Karyawan Kontrak,24780076,278994387,48,Pendidikan,339,1,0.35,1,289290800,Default
CUST001088,53,Perempuan,S2,Freelancer,12531565,174995769,48,Renovasi Rumah,467,0,0.81,5,,Default
CUST001089,37,Perempuan,S1,Wiraswasta,44497699,225147898,36,Modal Usaha,694,3,0.34,10,378391665,Tidak Default
CUST001090,29,Perempuan,,Karyawan Tetap,37454494,50471641,36,Renovasi Rumah,319,2,0.19,3,291684821,Default
CUST001091,25,Perempuan,SMA,Karyawan Tetap,47553866,233077348,48,Modal Usaha,453,0,0.32,1,99820859,Tidak Default
CUST001092,42,Perempuan,S1,Wiraswasta,21655908,183122145,48,Konsumsi,529,0,0.09,1,204156822,Tidak Default
CUST001093,60,Laki-laki,SMA,Wiraswasta,41834685,195613583,36,Pendidikan,524,1,,2,,Tidak Default
CUST001094,48,Laki-laki,SMA,Karyawan Tetap,38192728,35276205,36,Renovasi Rumah,347,4,0.49,10,463434686,Default
CUST001095,53,Perempuan,SMA,Karyawan Tetap,37814855,198436125,36,Pendidikan,628,1,0.84,11,293061557,Tidak Default
CUST001096,58,Laki-laki,S2,Karyawan Tetap,20817244,109761650,60,Modal Usaha,770,5,0.57,8,,Tidak Default
CUST001097,26,Perempuan,SMA,Wiraswasta,13395916,82937238,24,Modal Usaha,716,1,,6,339548532,Tidak Default
CUST001098,61,Perempuan,S2,Wiraswasta,15291673,73658985,12,Konsumsi,841,5,0.45,12,477966301,Tidak Default
CUST001099,59,Laki-laki,S2,Freelancer,26017338,271070569,24,Modal Usaha,312,5,0.24,8,54231962,Default
CUST001100,54,Laki-laki,S2,Karyawan Kontrak,34514789,101348979,36,Modal Usaha,376,1,0.38,2,442052495,Default
CUST001101,38,Laki-laki,D3,Wiraswasta,20340325,246119478,60,Kendaraan,512,2,0.36,2,,Tidak Default
CUST001102,45,Perempuan,S1,PNS,33771880,73960179,36,Kendaraan,828,4,0.64,11,,Tidak Default
CUST001103,40,Perempuan,D3,Freelancer,21585434,241631387,48,Pendidikan,790,5,0.6,12,402419619,Tidak Default
CUST001104,63,Perempuan,SMA,PNS,46448995,68630883,48,Konsumsi,429,0,0.37,8,8477325,Default
CUST001105,53,Perempuan,D3,Karyawan Kontrak,49412025,210205209,24,Pendidikan,509,3,0.79,4,,Tidak Default
CUST001106,25,Perempuan,SMA,Karyawan Tetap,11684182,172199839,60,Pendidikan,848,0,0.47,5,312076452,Tidak Default
CUST001107,39,Perempuan,S2,Karyawan Kontrak,46385324,125583547,48,Konsumsi,497,4,0.66,5,306573743,Tidak Default
CUST001108,23,Laki-laki,SMA,Karyawan Kontrak,45511600,176974177,60,Modal Usaha,813,2,0.79,0,,Tidak Default
CUST001109,39,Perempuan,S1,Freelancer,31849638,96178153,12,Renovasi Rumah,415,0,,5,399719683,Default
CUST001110,29,Laki-laki,SMA,Freelancer,46879374,238361917,24,Konsumsi,722,0,0.16,11,327092682,Tidak Default
CUST001111,62,Laki-laki,D3,PNS,36403185,77627536,36,Modal Usaha,428,4,0.75,0,468734719,Default
CUST001112,30,Perempuan,,Karyawan Tetap,45609667,63001489,48,Kendaraan,717,2,0.36,6,146843501,Tidak Default
CUST001113,57,Perempuan,S2,Wiraswasta,6546210,33233141,12,Konsumsi,762,0,0.16,7,161291174,Tidak Default
CUST001114,64,Perempuan,,Wiraswasta,11062314,19005610,24,Konsumsi,656,5,0.67,6,192807239,Tidak Default
CUST001115,63,Perempuan,S1,Karyawan Kontrak,22346569,42978976,36,Kendaraan,545,2,0.32,5,,Tidak Default
CUST001116,56,Perempuan,SMA,Karyawan Tetap,28623455,242821370,12,Renovasi Rumah,725,5,0.24,6,7772635,Tidak Default
CUST001117,36,Laki-laki,S1,PNS,30378566,245006895,60,Pendidikan,414,0,0.22,8,462743373,Tidak Default
CUST001118,47,Laki-laki,D3,PNS,42448565,108978190,12,Kendaraan,303,0,0.64,12,499581377,Default
CUST001119,58,Laki-laki,S1,Karyawan Tetap,12633150,292381269,12,Pendidikan,728,3,0.54,3,306768333,Tidak Default
CUST001120,53,Perempuan,D3,Freelancer,34695036,131815763,36,Pendidikan,483,4,0.67,9,159496324,Default
CUST001121,38,Perempuan,D3,,10546230,151701341,12,Renovasi Rumah,824,2,0.77,10,294539204,Tidak Default
CUST001122,23,Perempuan,S1,PNS,8774708,190178306,24,Renovasi Rumah,367,3,0.55,4,446835603,Tidak Default
CUST001123,57,Laki-laki,S2,PNS,13619669,126160500,12,Renovasi Rumah,550,5,0.57,9,428998343,Tidak Default
CUST001124,52,Perempuan,S1,Freelancer,47112415,117493402,36,Konsumsi,810,4,0.56,7,146405649,Tidak Default
CUST001125,32,Laki-laki,S1,Wiraswasta,17295935,181642352,48,Kendaraan,425,0,,8,127530611,Default
CUST001126,41,,D3,Wiraswasta,36176811,22329710,24,Renovasi Rumah,,0,0.25,4,275938836,Tidak Default
CUST001127,62,Laki-laki,S1,PNS,35160505,226901345,24,Renovasi Rumah,576,5,0.8,8,201835859,Default
CUST001128,56,Laki-laki,SMA,Wiraswasta,28761343,135757588,12,Modal Usaha,632,0,0.31,12,171091759,Tidak Default
CUST001129,61,Perempuan,S1,Wiraswasta,41892020,155040161,12,Pendidikan,653,5,,10,,Tidak Default
CUST001130,33,Laki-laki,S1,Freelancer,36962563,8585228,48,Modal Usaha,503,4,0.79,9,290052584,Default
CUST001131,60,Laki-laki,SMA,Karyawan Tetap,26206690,164223632,24,Modal Usaha,755,2,0.3,3,403832390,Tidak Default
CUST001132,34,Perempuan,D3,Karyawan Tetap,15695964,281503282,36,Pendidikan,732,0,0.2,8,328859962,Default
CUST001133,26,Perempuan,D3,Freelancer,48641607,77326252,24,Modal Usaha,457,4,0.42,1,89994278,Tidak Default
CUST001134,26,Laki-laki,S1,Wiraswasta,46796623,137214883,24,Konsumsi,731,3,0.29,1,,Tidak Default
CUST001135,54,Laki-laki,S1,Karyawan Kontrak,19631659,208559980,24,Kendaraan,794,3,0.73,5,69379873,Tidak Default
CUST001136,29,Perempuan,S1,Karyawan Kontrak,20896534,190097506,48,Renovasi Rumah,540,2,0.72,2,194827396,Default
CUST001137,38,Perempuan,S2,Karyawan Tetap,33782117,130206590,36,Kendaraan,678,5,0.83,7,186182783,Tidak Default
CUST001138,60,Laki-laki,D3,Freelancer,,234429774,36,Konsumsi,809,3,,2,250706993,Tidak Default
CUST001139,46,Perempuan,S1,Karyawan Tetap,44633415,187670596,24,Modal Usaha,425,1,0.59,1,,Tidak Default
CUST001140,35,Laki-laki,D3,Freelancer,46794543,151983085,24,Kendaraan,757,5,0.88,9,279483845,Default
CUST001141,64,Laki-laki,SMA,Wiraswasta,42084158,224872115,60,Renovasi Rumah,506,0,0.65,4,228618243,Tidak Default
CUST001142,40,Laki-laki,S1,PNS,5221840,295854415,36,Konsumsi,413,3,0.37,12,63424401,Default
CUST001143,,Laki-laki,S2,Karyawan Tetap,43471534,182634823,12,Konsumsi,418,0,0.63,8,429225595,Default
CUST001144,25,Laki-laki,S2,Karyawan Kontrak,35253188,284234667,60,Modal Usaha,594,3,0.19,1,111957700,Tidak Default
CUST001145,,Laki-laki,S1,Freelancer,9599427,237109119,12,Modal Usaha,674,0,0.53,1,227500713,Tidak Default
CUST001146,63,Perempuan,D3,Karyawan Tetap,29722680,184387841,60,Modal Usaha,628,5,0.51,12,472600299,Default
CUST001147,44,Perempuan,SMA,Wiraswasta,15060951,242155983,24,Renovasi Rumah,580,1,,11,320219641,Tidak Default
CUST001148,51,Laki-laki,S2,Freelancer,40170817,127842822,36,Renovasi Rumah,687,2,0.31,4,2991702,Tidak Default
CUST001149,40,Laki-laki,SMA,Wiraswasta,25177866,263677814,60,Pendidikan,733,1,0.2,11,,Tidak Default
CUST001150,59,Laki-laki,D3,PNS,40922926,182776867,36,Pendidikan,352,4,0.12,8,,Default
CUST001151,,Laki-laki,D3,Wiraswasta,16522445,178515540,48,Renovasi Rumah,670,1,0.14,2,50380170,Tidak Default
CUST001152,63,Perempuan,S2,Karyawan Kontrak,44429812,236394007,48,Modal Usaha,712,0,0.48,10,208367876,Tidak Default
CUST001153,48,Laki-laki,S1,Karyawan Kontrak,6380774,163419338,12,Renovasi Rumah,414,1,0.57,1,399550249,Default
CUST001154,36,Laki-laki,D3,PNS,12937330,87347112,48,Renovasi Rumah,648,0,0.28,10,289482247,Default
CUST001155,47,Perempuan,SMA,Freelancer,48445302,47513661,12,Konsumsi,700,4,0.07,6,191582368,Tidak Default
CUST001156,32,,SMA,Wiraswasta,32413412,91172396,24,Renovasi Rumah,655,3,0.34,9,332174732,Tidak Default
CUST001157,52,Laki-laki,S1,Karyawan Kontrak,16852722,108944746,24,Renovasi Rumah,488,0,0.32,5,257606639,Tidak Default
CUST001158,53,,S1,Wiraswasta,30227642,103402991,48,Konsumsi,565,4,0.68,11,,Default
CUST001159,25,Laki-laki,SMA,Karyawan Tetap,10216047,28897611,36,Renovasi Rumah,568,1,0.83,12,335561489,Default
CUST001160,41,Perempuan,SMA,,18772544,64969822,12,Pendidikan,831,2,0.38,2,27298116,Tidak Default
CUST001161,27,Perempuan,S2,Wiraswasta,25501510,100798000,60,Konsumsi,478,4,0.47,,33918263,Tidak Default
CUST001162,63,PEREMPUAN,S1,Karyawan Tetap,42414930,66708026,60,Kendaraan,,0,0.22,12,188796735,Default
CUST001163,57,Laki-laki,D3,Karyawan Tetap,41267721,93392549,36,Konsumsi,821,5,0.83,9,415400523,Default
CUST001164,43,Laki-laki,SMA,Karyawan Tetap,28603645,29930957,60,Renovasi Rumah,749,1,0.61,9,,Tidak Default
CUST001165,37,Laki-laki,SMA,Freelancer,10458861,91706800,24,Modal Usaha,530,1,0.07,8,482231581,Tidak Default
CUST001166,38,Perempuan,D3,Karyawan Tetap,13343166,225591113,60,Pendidikan,688,4,0.52,10,67894347,Default
CUST001167,47,Perempuan,S1,PNS,18779935,287356209,12,Konsumsi,392,1,0.72,10,76104234,Default
CUST001168,24,Perempuan,S2,Karyawan Kontrak,33553284,218774327,24,Pendidikan,503,1,0.69,8,121389094,Tidak Default
CUST001169,64,Perempuan,SMA,Karyawan Tetap,29013697,15843637,12,Renovasi Rumah,415,4,0.33,2,76314225,Default
CUST001170,51,Laki-laki,SMA,Freelancer,43726165,71721864,48,Pendidikan,461,5,0.6,5,263086149,Tidak Default
CUST001171,48,Perempuan,D3,PNS,40053440,117291067,24,Renovasi Rumah,310,2,0.05,7,405846975,Tidak Default
CUST001172,32,Perempuan,S1,Karyawan Kontrak,,54036598,48,Modal Usaha,544,4,0.82,6,,Default
CUST001173,27,Perempuan,D3,Karyawan Kontrak,10014481,188565467,60,Konsumsi,710,0,0.59,5,946348,Tidak Default
CUST001174,27,Laki-laki,S1,Wiraswasta,23016672,39120746,12,Kendaraan,,2,0.65,8,102575204,Tidak Default
CUST001175,29,Perempuan,S2,Freelancer,28059301,268658270,60,Kendaraan,612,1,0.44,0,170579905,Tidak Default
CUST001176,,Perempuan,S1,Karyawan Tetap,25308303,49610918,12,Modal Usaha,647,5,0.71,12,,Default
CUST001177,54,Laki-laki,SMA,Wiraswasta,12584406,28296278,36,Konsumsi,,1,0.64,11,28206140,Default
CUST001178,53,Perempuan,D3,Wiraswasta,23035290,265037909,24,Kendaraan,532,1,0.36,3,91537046,Tidak Default
CUST001179,44,Laki-laki,SMA,Karyawan Kontrak,27488573,261912786,60,Renovasi Rumah,820,4,0.81,10,494925366,Default
CUST001180,59,,D3,Wiraswasta,31163345,103577095,24,Renovasi Rumah,814,3,0.35,6,190346434,Tidak Default
CUST001181,42,Perempuan,S2,Wiraswasta,14444887,247054577,36,Konsumsi,733,4,0.9,3,95379359,Tidak Default
CUST001182,29,Perempuan,S1,PNS,46877659,279368045,12,Kendaraan,685,2,0.27,11,323679594,Default
CUST001183,30,Laki-laki,S1,Wiraswasta,49765243,9046131,12,Pendidikan,426,3,0.66,10,90402637,Default
CUST001184,43,Perempuan,S1,Karyawan Kontrak,28548549,42075024,60,Konsumsi,377,4,0.28,3,265150523,Default
CUST001185,58,Laki-laki,S2,PNS,9660505,126225784,12,Konsumsi,555,2,0.25,,209115617,Default
CUST001186,30,Laki-laki,D3,Freelancer,20319672,28932509,24,Modal Usaha,650,3,0.4,0,450832817,Tidak Default
CUST001187,36,Laki-laki,D3,,34488084,157920632,36,Kendaraan,679,3,0.39,2,229291948,Tidak Default
CUST001188,28,Perempuan,D3,Karyawan Kontrak,36772422,250807085,60,Konsumsi,510,1,0.22,3,368841070,Default
CUST001189,35,Perempuan,S2,Karyawan Kontrak,24304203,252294759,60,Konsumsi,512,4,0.66,7,187678970,Tidak Default
CUST001190,63,,SMA,Wiraswasta,25545547,253451413,60,Renovasi Rumah,393,0,0.68,7,154646162,Tidak Default
CUST001191,36,Laki-laki,,PNS,37283922,146670550,12,Konsumsi,688,1,0.76,4,443420842,Default
CUST001192,33,Perempuan,S1,PNS,,213340789,12,Modal Usaha,616,4,0.13,0,377161618,Tidak Default
CUST001193,56,Perempuan,SMA,Wiraswasta,30380593,222270809,12,Kendaraan,532,4,0.1,2,55492090,Tidak Default
CUST001194,36,Perempuan,S2,Karyawan Tetap,27559174,197492847,24,Pendidikan,,0,0.84,5,36438288,Default
CUST001195,31,Laki-laki,S2,Karyawan Kontrak,48790486,184846925,24,Kendaraan,847,2,0.86,1,4407851,Tidak Default
CUST001196,50,Laki-laki,S1,Freelancer,44771648,143375372,12,Pendidikan,726,2,,7,235776802,Default
CUST001197,65,Laki-laki,SMA,Wiraswasta,36111325,77446226,60,Modal Usaha,345,2,,12,1880166,Tidak Default
CUST001198,56,Laki-laki,S2,Karyawan Tetap,25307467,190283291,12,Konsumsi,461,2,0.43,4,58144051,Tidak Default
CUST001199,30,Perempuan,S1,Freelancer,39038365,103211682,60,Konsumsi,669,3,0.84,12,79515639,Default
CUST001200,30,Perempuan,D3,Freelancer,42392742,13486981,36,Modal Usaha,,5,0.29,3,194321200,Tidak Default
CUST001201,23,Perempuan,D3,Karyawan Kontrak,34460855,222031351,24,Renovasi Rumah,811,3,0.87,8,247031371,Default
CUST001202,65,Perempuan,,Freelancer,23816598,51723780,24,Modal Usaha,644,4,0.11,10,377840338,Tidak Default
CUST001203,55,Perempuan,D3,Karyawan Kontrak,31867117,208971827,24,Kendaraan,558,5,0.57,3,,Tidak Default
CUST001204,48,Perempuan,S1,Wiraswasta,33084883,56043833,24,Kendaraan,697,3,0.38,5,328339682,Tidak Default
CUST001205,44,Laki-laki,SMA,PNS,6703845,126777831,12,Modal Usaha,766,1,0.35,12,476578101,Tidak Default
CUST001206,58,Laki-laki,S1,Karyawan Kontrak,9384306,279281269,12,Pendidikan,841,4,0.67,0,285229352,Tidak Default
CUST001207,29,Laki-laki,S1,Karyawan Kontrak,17281707,24074221,24,Renovasi Rumah,766,3,0.89,7,48237413,Default
CUST001208,65,Perempuan,S1,Wiraswasta,12946169,112830944,36,Renovasi Rumah,326,5,0.16,,86994022,Tidak Default
CUST001209,35,,D3,PNS,8820101,110307138,48,Renovasi Rumah,845,0,0.2,6,451091088,Tidak Default
CUST001210,24,Laki-laki,SMA,Karyawan Tetap,46004635,267031956,12,Kendaraan,530,3,0.57,11,412229637,Default
CUST001211,48,Laki-laki,S2,Karyawan Kontrak,4561454,221485010,12,Konsumsi,511,3,0.39,7,,Default
CUST001212,39,Laki-laki,S2,Wiraswasta,47801350,124705179,60,Konsumsi,613,4,0.34,0,455117962,Tidak Default
CUST001213,32,Laki-laki,S2,,10304747,125416761,12,Konsumsi,401,2,0.58,12,181902665,Default
CUST001214,26,Perempuan,S2,Karyawan Kontrak,6211294,10334777,36,Kendaraan,431,1,0.12,3,,Tidak Default
CUST001215,59,Perempuan,S2,PNS,24353273,169678754,12,Kendaraan,794,5,0.76,4,101964888,Default
CUST001216,48,Perempuan,D3,PNS,32850824,94805942,24,Kendaraan,731,3,0.52,1,156899619,Default
CUST001217,52,Perempuan,D3,Wiraswasta,22297337,35295110,36,Modal Usaha,500,1,0.85,8,79083408,Default
CUST001218,43,Perempuan,S1,Wiraswasta,16991528,240817663,48,Pendidikan,638,5,0.73,8,25168793,Default
CUST001219,58,Laki-laki,S1,PNS,,207800241,48,Renovasi Rumah,593,2,,7,9164166,Default
CUST001220,61,Laki-laki,S1,Karyawan Tetap,43288145,247229907,48,Konsumsi,423,2,0.57,3,411593833,Tidak Default
CUST001221,52,Laki-laki,D3,Freelancer,11338555,213258277,24,Kendaraan,397,5,0.76,10,,Default
CUST001222,32,Laki-laki,D3,Freelancer,31589254,178508950,12,Konsumsi,466,3,0.54,12,201180102,Tidak Default
CUST001223,27,Laki-laki,D3,PNS,21967712,51916989,60,Renovasi Rumah,800,3,0.74,12,294522491,Tidak Default
CUST001224,30,Perempuan,S1,Freelancer,,122013512,48,Modal Usaha,430,4,,10,,Tidak Default
CUST001225,28,Perempuan,S2,Freelancer,45179498,144725561,48,Modal Usaha,311,5,0.45,12,,Tidak Default
CUST001226,61,Perempuan,SMA,Wiraswasta,35237120,251517355,12,Konsumsi,352,5,0.13,12,409357675,Tidak Default
CUST001227,64,Laki-laki,D3,Freelancer,37588911,112044295,12,Kendaraan,455,3,0.87,2,325992846,Default
CUST001228,57,Laki-laki,D3,PNS,5362692,216041814,60,Kendaraan,499,0,0.56,4,74864527,Tidak Default
CUST001229,40,Laki-laki,S2,Wiraswasta,32267248,234392961,48,Pendidikan,635,4,0.21,4,492802860,Tidak Default
CUST001230,57,Perempuan,SMA,Freelancer,27973748,176896334,60,Renovasi Rumah,520,2,0.88,8,85000219,Default
CUST001231,62,Laki-laki,S1,Karyawan Tetap,12618440,230065494,24,Kendaraan,300,0,0.18,4,173177456,Tidak Default
CUST001232,61,Laki-laki,D3,PNS,38503346,140497660,48,Pendidikan,739,2,0.82,2,419244215,Tidak Default
CUST001233,48,Laki-laki,S2,,41065290,290922931,24,Modal Usaha,474,3,0.61,8,,Default
CUST001234,29,Perempuan,S1,PNS,18169261,71518290,36,Pendidikan,830,1,0.62,10,440536186,Default
CUST001235,39,Perempuan,D3,Karyawan Kontrak,6129415,89546820,60,Pendidikan,816,5,,1,254639097,Tidak Default
CUST001236,54,Perempuan,SMA,Freelancer,39714836,127713434,60,Renovasi Rumah,756,2,0.14,10,494652449,Tidak Default
CUST001237,58,Perempuan,S2,Wiraswasta,13384938,83714971,60,Pendidikan,615,1,0.08,11,371898812,Tidak Default
CUST001238,25,Laki-laki,SMA,Karyawan Kontrak,48722629,163427408,36,Kendaraan,678,3,0.12,3,,Tidak Default
CUST001239,34,Laki-laki,S2,PNS,10740445,231881776,48,Modal Usaha,750,2,0.31,9,,Tidak Default
CUST001240,30,Laki-laki,S1,PNS,39198901,66384490,24,Modal Usaha,548,2,0.26,9,44814594,Default
CUST001241,53,Perempuan,SMA,Karyawan Tetap,10559943,199356392,24,Konsumsi,651,3,0.48,5,,Tidak Default
CUST001242,57,Perempuan,S2,PNS,44747701,113033089,36,Konsumsi,811,3,0.37,0,,Tidak Default
CUST001243,27,Laki-laki,S1,Freelancer,39411579,33254614,48,Kendaraan,400,2,0.77,2,,Tidak Default
CUST001244,31,Perempuan,SMA,Karyawan Tetap,22287068,198142943,36,Pendidikan,493,4,0.23,9,212715108,Default
CUST001245,31,Perempuan,D3,Wiraswasta,36293036,117703434,48,Modal Usaha,420,2,0.15,3,240309532,Tidak Default
CUST001246,28,Perempuan,D3,Karyawan Kontrak,48675071,211528470,48,Renovasi Rumah,497,4,0.07,11,413158780,Tidak Default
CUST001247,53,Laki-laki,SMA,Karyawan Tetap,10928797,91049563,48,Pendidikan,744,4,0.33,2,251447051,Tidak Default
CUST001248,64,Perempuan,S2,Wiraswasta,42982952,168650068,48,Renovasi Rumah,573,4,0.48,3,336494862,Default
CUST001249,53,Laki-laki,D3,Karyawan Tetap,10159771,230511132,24,Konsumsi,711,3,0.14,4,322845539,Tidak Default
CUST001250,39,Perempuan,D3,Freelancer,16943913,270432384,12,Renovasi Rumah,506,1,0.11,0,466261170,Tidak Default
CUST001251,53,Perempuan,SMA,Karyawan Kontrak,40876464,93155070,12,Pendidikan,346,1,0.22,10,151183120,Default
CUST001252,57,Perempuan,SMA,Wiraswasta,4651670,233953342,24,Renovasi Rumah,761,3,0.41,2,468379623,Tidak Default
CUST001253,64,Laki-laki,S1,Wiraswasta,3987417,187185797,36,Pendidikan,816,2,0.59,6,253119011,Tidak Default
CUST001254,38,Perempuan,S2,Karyawan Kontrak,3526183,214654114,36,Modal Usaha,555,0,0.18,10,180628380,Default
CUST001255,44,Perempuan,S1,Karyawan Tetap,34076483,198813257,12,Pendidikan,578,2,0.41,10,121656430,Tidak Default
CUST001256,34,Laki-laki,,Karyawan Tetap,24987067,52799483,36,Renovasi Rumah,838,4,0.89,,402177369,Default
CUST001257,64,Laki-laki,D3,Freelancer,26471070,37039574,36,Renovasi Rumah,801,4,0.47,1,186558213,Tidak Default
CUST001258,57,Perempuan,S2,Karyawan Tetap,28003927,24749393,24,Modal Usaha,340,1,0.6,4,447877011,Default
CUST001259,34,perempuan,SMA,Karyawan Tetap,18612436,111215819,24,Modal Usaha,,1,0.75,3,42943781,Default
CUST001260,58,Perempuan,SMA,PNS,6207863,271095433,60,Renovasi Rumah,393,4,0.46,4,233733006,Default
CUST001261,32,Perempuan,SMA,Karyawan Kontrak,49791053,70099242,36,Modal Usaha,452,1,0.34,1,,Tidak Default
CUST001262,56,Laki-laki,S1,Karyawan Tetap,32248123,264925025,36,Modal Usaha,322,3,0.59,4,,Tidak Default
CUST001263,43,Perempuan,SMA,Freelancer,12194309,199954495,36,Konsumsi,534,1,0.07,4,,Default
CUST001264,28,Perempuan,S2,PNS,35844454,136153394,12,Kendaraan,403,2,,9,192487032,Tidak Default
CUST001265,60,Perempuan,S1,Karyawan Tetap,13803853,110764090,48,Konsumsi,701,3,0.67,7,237067611,Tidak Default
CUST001266,25,Perempuan,S1,Wiraswasta,20594165,15710302,24,Modal Usaha,602,1,0.75,8,,Tidak Default
CUST001267,51,Perempuan,D3,PNS,6712542,151468686,36,Kendaraan,769,1,0.09,2,263948538,Tidak Default
CUST001268,40,Laki-laki,S1,Freelancer,29810462,169962632,12,Konsumsi,608,2,0.9,7,445738995,Default
CUST001269,43,Perempuan,SMA,PNS,11903506,55587117,48,Pendidikan,431,0,0.45,4,,Default
CUST001270,42,Perempuan,SMA,Karyawan Kontrak,31748138,149851588,12,Renovasi Rumah,362,4,0.53,3,13427929,Tidak Default
CUST001271,35,Laki-laki,D3,Karyawan Kontrak,39392541,97652720,60,Konsumsi,781,4,0.67,,420037741,Tidak Default
CUST001272,34,Perempuan,SMA,Karyawan Kontrak,42740566,219418169,12,Kendaraan,535,4,0.22,8,355621854,Default
CUST001273,28,Perempuan,S1,PNS,4830280,66960440,48,Pendidikan,629,5,0.35,1,413136278,Default
CUST001274,46,,S1,Karyawan Kontrak,12384323,86261642,48,Modal Usaha,671,0,0.18,5,430336542,Tidak Default
CUST001275,39,Perempuan,SMA,PNS,16615792,209383845,36,Kendaraan,385,4,0.65,6,303373559,Default
CUST001276,61,Laki-laki,D3,Freelancer,45504192,230594233,48,Pendidikan,339,4,0.4,4,474291221,Default
CUST001277,50,Perempuan,S2,Karyawan Tetap,10589308,287943540,48,Konsumsi,791,4,0.24,6,242287954,Tidak Default
CUST001278,39,Laki-laki,SMA,Freelancer,43052547,253496816,12,Konsumsi,324,0,0.24,4,213611638,Tidak Default
CUST001279,24,Laki-laki,S2,Karyawan Kontrak,6830573,85589019,48,Kendaraan,838,0,0.42,2,448540960,Tidak Default
CUST001280,42,Perempuan,D3,Karyawan Tetap,6460794,144574086,60,Renovasi Rumah,304,1,0.71,9,232019827,Default
CUST001281,32,Perempuan,S2,PNS,24541508,14912894,48,Konsumsi,695,2,0.1,3,359025500,Default
CUST001282,53,Perempuan,S1,Wiraswasta,29607889,21973440,24,Konsumsi,848,5,0.75,8,,Default
CUST001283,52,Perempuan,D3,Karyawan Tetap,36827278,174153945,12,Pendidikan,444,3,0.12,9,132812763,Default
CUST001284,26,Laki-laki,,Karyawan Kontrak,17626169,168447809,12,Konsumsi,638,0,0.53,2,434423732,Tidak Default
CUST001285,46,Perempuan,SMA,Karyawan Tetap,38093271,288788541,24,Modal Usaha,635,0,0.19,3,149267170,Tidak Default
CUST001286,55,Perempuan,D3,PNS,18031257,23766259,12,Pendidikan,751,1,0.35,9,219704132,Default
CUST001287,34,Perempuan,D3,Wiraswasta,21431573,229332875,60,Konsumsi,647,4,0.75,9,86560541,Default
CUST001288,61,Perempuan,S1,Wiraswasta,42299265,261875817,12,Modal Usaha,753,4,,2,369446524,Tidak Default
CUST001289,43,Perempuan,SMA,PNS,26536845,98185670,60,Modal Usaha,824,0,0.12,8,429784591,Tidak Default
CUST001290,25,Laki-laki,D3,Freelancer,22859099,193623229,36,Pendidikan,629,3,0.85,5,152375329,Default
CUST001291,22,Laki-laki,SMA,Karyawan Tetap,25464524,31844584,12,Modal Usaha,427,0,0.9,6,,Default
CUST001292,37,Perempuan,D3,Freelancer,40092937,210790080,48,Kendaraan,,4,0.56,3,356085642,Tidak Default
CUST001293,54,Laki-laki,SMA,PNS,32391157,89983806,12,Konsumsi,757,0,0.56,1,336185095,Tidak Default
CUST001294,32,Perempuan,S1,Freelancer,25978960,133666416,12,Konsumsi,540,2,0.32,9,469871370,Default
CUST001295,28,Perempuan,SMA,PNS,37373427,288547774,60,Renovasi Rumah,702,0,0.63,8,419311567,Tidak Default
CUST001296,35,Perempuan,SMA,Karyawan Kontrak,3199187,119304927,48,Modal Usaha,740,0,0.44,10,305558702,Tidak Default
CUST001297,38,Perempuan,SMA,Karyawan Tetap,24560537,41366802,36,Renovasi Rumah,380,3,0.41,3,257565164,Tidak Default
CUST001298,44,Laki-laki,SMA,Wiraswasta,18502354,143207010,48,Konsumsi,627,2,0.44,6,3804868,Tidak Default
CUST001299,38,Laki-laki,S1,Karyawan Tetap,10509799,198795522,12,Kendaraan,756,0,0.88,12,393447828,Tidak Default
CUST001300,27,Laki-laki,S1,Karyawan Tetap,7749746,158797253,24,Pendidikan,,1,0.63,7,29684464,Default
CUST001301,65,Perempuan,D3,Wiraswasta,49776126,102988130,36,Modal Usaha,670,2,0.85,6,397121924,Default
CUST001302,50,Perempuan,SMA,Karyawan Kontrak,28924651,49607638,60,Modal Usaha,768,1,0.52,1,325641782,Tidak Default
CUST001303,62,Laki-laki,D3,Karyawan Kontrak,6452469,155091884,24,Modal Usaha,784,2,0.45,9,100017217,Tidak Default
CUST001304,58,Laki-laki,D3,Freelancer,39922047,296457260,24,Konsumsi,823,2,0.75,,,Default
CUST001305,51,,S1,Freelancer,44987902,156965271,48,Renovasi Rumah,450,4,,9,449747947,Default
CUST001306,53,Perempuan,SMA,,6394272,288557338,12,Konsumsi,467,4,0.45,1,444518876,Tidak Default
CUST001307,42,Perempuan,SMA,Wiraswasta,27954955,80023803,48,Modal Usaha,701,2,0.66,5,,Tidak Default
CUST001308,32,Perempuan,D3,Freelancer,38604287,255753433,24,Pendidikan,625,2,0.67,10,291367526,Default
CUST001309,49,Perempuan,SMA,Karyawan Tetap,,133879924,12,Pendidikan,586,5,0.8,11,190947705,Tidak Default
CUST001310,63,Perempuan,SMA,Wiraswasta,3718230,23522730,12,Renovasi Rumah,591,3,0.55,11,498113003,Tidak Default
CUST001311,40,Perempuan,SMA,,35174890,275886879,36,Renovasi Rumah,608,2,0.25,12,426925605,Tidak Default
CUST001312,22,Laki-laki,S1,Karyawan Tetap,5162528,235504467,12,Renovasi Rumah,650,0,0.52,7,135812318,Tidak Default
CUST001313,35,Laki-laki,S2,Karyawan Tetap,35435627,97497105,48,Konsumsi,780,0,0.45,6,1440533,Tidak Default
CUST001314,24,Laki-laki,S1,Karyawan Tetap,14354011,275394592,24,Pendidikan,503,4,0.89,12,119081602,Default
CUST001315,64,Perempuan,D3,Freelancer,27098275,237267276,48,Modal Usaha,465,1,0.7,2,67050229,Default
CUST001316,53,Laki-laki,S1,PNS,12208590,169210899,12,Renovasi Rumah,766,0,0.47,8,498683216,Default
CUST001317,22,Laki-laki,SMA,Freelancer,26507440,239901512,60,Modal Usaha,643,5,0.08,11,,Tidak Default
CUST001318,26,Laki-laki,S2,PNS,13378604,121709467,60,Pendidikan,774,2,0.77,3,41782335,Default
CUST001319,63,Perempuan,D3,Wiraswasta,28557000,23515169,12,Modal Usaha,517,0,0.85,0,,Default
CUST001320,57,,S2,,34990013,130136847,12,Konsumsi,452,5,0.28,5,45559961,Tidak Default
CUST001321,34,Laki-laki,D3,PNS,17859380,158758085,12,Konsumsi,447,1,0.38,1,176253454,Tidak Default
CUST001322,55,Perempuan,S1,Karyawan Kontrak,40741922,135562559,24,Kendaraan,636,4,0.65,0,71745006,Default
CUST001323,39,Perempuan,,Freelancer,38342103,30557482,24,Konsumsi,661,4,0.41,10,494580863,Tidak Default
CUST001324,33,Laki-laki,S1,Wiraswasta,31835123,150069674,60,Konsumsi,693,1,0.82,9,267062628,Tidak Default
CUST001325,41,Laki-laki,SMA,PNS,48357877,98122953,24,Pendidikan,780,0,0.45,8,,Default
CUST001326,63,Laki-laki,S2,Wiraswasta,7006622,49712992,36,Konsumsi,564,4,0.57,1,452343759,Default
CUST001327,44,laki-laki,D3,Freelancer,19470576,259102155,60,Renovasi Rumah,588,4,0.84,0,218473207,Tidak Default
CUST001328,53,Perempuan,SMA,PNS,11639382,198062415,24,Kendaraan,608,0,0.84,1,317362205,Default
CUST001329,25,Perempuan,SMA,Karyawan Kontrak,16649237,8197834,60,Konsumsi,317,1,,2,323700489,Tidak Default
CUST001330,29,Laki-laki,S2,Wiraswasta,25533197,89646454,48,Kendaraan,769,0,0.24,0,471987965,Tidak Default
CUST001331,48,Laki-laki,SMA,Wiraswasta,7790903,84746937,60,Kendaraan,542,0,0.05,3,357870862,Default
CUST001332,58,Perempuan,D3,Karyawan Kontrak,23961393,237886834,60,Renovasi Rumah,628,1,0.56,11,76781311,Default
CUST001333,34,Laki-laki,S1,PNS,49829315,128218233,12,Renovasi Rumah,328,3,0.69,,2989373,Default
CUST001334,,Laki-laki,SMA,,40270348,10675056,24,Konsumsi,563,2,0.1,3,328560160,Tidak Default
CUST001335,33,Perempuan,S1,Wiraswasta,,137703581,24,Renovasi Rumah,407,3,0.27,9,488562801,Default
CUST001336,62,Perempuan,S1,Freelancer,7272068,22384647,12,Modal Usaha,434,5,0.55,11,452904503,Default
CUST001337,46,Perempuan,D3,Wiraswasta,49400798,89620459,12,Renovasi Rumah,770,5,0.14,8,170142721,Default
CUST001338,49,Perempuan,S1,PNS,6310113,114427553,24,Konsumsi,447,1,0.26,11,413566944,Default
CUST001339,45,Perempuan,S2,Wiraswasta,48712341,177917873,60,Konsumsi,371,4,0.75,5,234722137,Default
CUST001340,57,Perempuan,SMA,Wiraswasta,15695490,275046200,12,Konsumsi,,2,0.37,8,389217050,Tidak Default
CUST001341,34,Laki-laki,S1,PNS,9544025,156155416,36,Konsumsi,348,5,0.89,9,100041942,Default
CUST001342,40,Perempu@n,D3,Wiraswasta,34532297,177665052,48,Pendidikan,412,3,0.38,9,219033212,Tidak Default
CUST001343,41,Laki-laki,D3,PNS,17354812,98058143,36,Konsumsi,736,1,0.86,4,38212277,Default
CUST001344,42,,S1,PNS,5846458,49804639,60,Konsumsi,460,3,0.49,6,118312013,Default
CUST001345,55,Laki-laki,S1,PNS,23698407,147733384,36,Pendidikan,318,5,0.64,6,42718246,Default
CUST001346,42,Perempuan,,Wiraswasta,25692485,60309032,60,Pendidikan,813,2,0.71,10,356216933,Tidak Default
CUST001347,43,Laki-laki,S1,Karyawan Tetap,6740115,31628732,36,Konsumsi,777,2,0.73,4,77345157,Tidak Default
CUST001348,59,Perempuan,S1,PNS,3434361,91121103,24,Kendaraan,836,5,0.06,2,318710239,Tidak Default
CUST001349,60,Laki-laki,S1,Freelancer,37581217,267922921,24,Modal Usaha,453,0,0.47,3,85760864,Tidak Default
CUST001350,59,Perempuan,SMA,Karyawan Tetap,38355537,138759826,12,Renovasi Rumah,375,5,0.76,5,53555581,Default
CUST001351,24,Perempuan,SMA,Karyawan Kontrak,,169605587,60,Modal Usaha,690,0,0.89,10,230153885,Default
CUST001352,,Laki-laki,S2,Wiraswasta,44473827,170771716,12,Konsumsi,731,0,0.52,10,297283500,Tidak Default
CUST001353,61,Perempuan,SMA,Karyawan Tetap,38786420,201752133,12,Pendidikan,665,5,0.26,1,325709454,Tidak Default
CUST001354,35,Laki-laki,S1,Freelancer,21648057,252797104,12,Renovasi Rumah,540,1,0.41,8,214525025,Default
CUST001355,29,Laki-laki,S2,Freelancer,45438033,90641708,36,Renovasi Rumah,392,3,0.84,2,,Default
CUST001356,43,Laki-laki,S1,Karyawan Kontrak,15849668,296981571,24,Renovasi Rumah,816,4,0.18,11,119209181,Default
CUST001357,55,Perempuan,S1,PNS,9982206,294720781,36,Modal Usaha,303,2,0.88,10,,Default
CUST001358,46,Laki-laki,D3,PNS,17123007,188108774,12,Modal Usaha,468,1,0.41,9,,Default
CUST001359,33,Perempuan,S1,Freelancer,49049309,129042572,60,Konsumsi,625,3,0.23,0,10482128,Tidak Default
CUST001360,59,Perempuan,S1,Karyawan Kontrak,36773393,66038809,12,Modal Usaha,326,4,0.23,4,39788995,Tidak Default
CUST001361,52,Laki-laki,S2,Karyawan Kontrak,42635700,96665410,60,Pendidikan,541,5,0.31,1,284817946,Tidak Default
CUST001362,47,Perempuan,SMA,Karyawan Kontrak,31044955,10550284,36,Renovasi Rumah,772,4,0.2,10,243501087,Tidak Default
CUST001363,55,Laki-laki,D3,PNS,39167259,96284975,48,Modal Usaha,514,4,0.31,3,,Default
CUST001364,27,Perempuan,D3,Karyawan Kontrak,11084213,45441166,12,Kendaraan,432,1,0.31,12,203108803,Default
CUST001365,57,Perempuan,S1,PNS,38845088,141133562,60,Renovasi Rumah,502,2,0.78,7,57269947,Tidak Default
CUST001366,30,Perempuan,SMA,Karyawan Kontrak,,218752572,12,Konsumsi,319,1,0.89,1,479386409,Default
CUST001367,26,Perempuan,S2,Karyawan Tetap,42438617,181220467,60,Pendidikan,541,1,0.48,4,56376405,Tidak Default
CUST001368,54,Laki-laki,D3,Karyawan Tetap,9488203,197668392,36,Pendidikan,732,0,0.85,6,106786048,Tidak Default
CUST001369,65,Laki-laki,D3,Karyawan Tetap,34935304,63656761,12,Pendidikan,617,3,0.69,3,353970414,Tidak Default
CUST001370,29,Laki-laki,S2,Freelancer,35493764,209240403,36,Renovasi Rumah,448,3,,10,456747996,Default
CUST001371,55,Laki-laki,S1,Freelancer,44392002,240577926,12,Modal Usaha,337,2,0.57,11,98618666,Default
CUST001372,44,Laki-laki,S1,Wiraswasta,43536655,210827609,60,Kendaraan,750,3,0.59,1,175237791,Default
CUST001373,33,,D3,PNS,18363303,17425033,12,Renovasi Rumah,679,1,0.52,12,126790738,Tidak Default
CUST001374,49,Perempuan,,Wiraswasta,5428055,73674966,12,Pendidikan,624,5,0.11,12,287585123,Default
CUST001375,44,Laki-laki,D3,Karyawan Kontrak,41429304,254020877,24,Renovasi Rumah,424,0,0.09,11,315200302,Default
CUST001376,55,Perempuan,SMA,Karyawan Tetap,3333523,207741116,48,Renovasi Rumah,484,0,0.44,1,322476812,Default
CUST001377,51,Perempuan,D3,Karyawan Tetap,23764990,101416794,36,Pendidikan,700,5,0.73,10,,Default
CUST001378,48,Perempuan,S1,Wiraswasta,,196659792,60,Renovasi Rumah,674,2,0.24,7,172940795,Default
CUST001379,39,Laki-laki,S2,Freelancer,33346361,217967855,12,Modal Usaha,703,1,0.31,8,,Default
CUST001380,51,Perempuan,S1,PNS,5122129,147336924,36,Konsumsi,379,1,0.26,11,430476017,Default
CUST001381,57,Laki-laki,S2,Karyawan Kontrak,5235091,86619840,36,Pendidikan,538,4,0.14,2,122667813,Default
CUST001382,27,Laki-laki,D3,Wiraswasta,19212676,258722304,60,Pendidikan,527,0,0.43,5,428505900,Default
CUST001383,23,Laki-laki,S1,PNS,23385385,244245338,24,Modal Usaha,788,5,0.73,11,176664194,Default
CUST001384,27,Perempuan,D3,,8710618,30974072,48,Renovasi Rumah,,4,0.18,0,,Tidak Default
CUST001385,50,Laki-laki,D3,Wiraswasta,6633250,64710986,48,Pendidikan,760,0,0.59,6,367467933,Tidak Default
CUST001386,44,Perempuan,S1,Freelancer,6212384,134701587,12,Kendaraan,643,2,0.65,2,129408780,Default
CUST001387,64,Perempuan,S2,Wiraswasta,42747609,257813837,24,Konsumsi,796,4,0.2,12,232717488,Tidak Default
CUST001388,45,Perempuan,,PNS,12216052,93075367,24,Pendidikan,752,1,0.64,6,287250854,Tidak Default
CUST001389,58,Perempuan,S1,PNS,45346946,239659368,12,Renovasi Rumah,450,4,0.26,9,297920340,Default
CUST001390,26,Perempuan,S1,PNS,41563870,153257065,60,Renovasi Rumah,630,4,0.72,0,53294769,Default
CUST001391,45,Perempuan,D3,PNS,30220230,19601585,60,Pendidikan,635,2,0.74,3,316127233,Tidak Default
CUST001392,39,Laki-laki,D3,Freelancer,17100467,185065403,48,Konsumsi,,4,0.34,12,153247672,Tidak Default
CUST001393,43,Perempuan,S1,Freelancer,42130273,237654615,24,Modal Usaha,577,0,0.18,10,452823743,Tidak Default
CUST001394,25,Perempuan,S1,Freelancer,22413365,269556358,60,Konsumsi,749,1,0.78,5,492203215,Default
CUST001395,25,Perempuan,S2,Karyawan Kontrak,5617448,79618599,36,Konsumsi,669,1,0.53,,287413875,Tidak Default
CUST001396,56,Perempuan,D3,,39890717,92438155,48,Renovasi Rumah,525,3,0.23,4,33994889,Default
CUST001397,47,Laki-laki,S2,PNS,17412063,190636059,24,Kendaraan,572,2,0.34,5,278295390,Tidak Default
CUST001398,60,Laki-laki,D3,Karyawan Tetap,,169642256,12,Renovasi Rumah,673,2,0.55,10,441346780,Tidak Default
CUST001399,59,Perempuan,SMA,PNS,22615037,224835308,12,Pendidikan,608,4,0.51,4,52545085,Default
CUST001400,25,Perempuan,D3,Karyawan Kontrak,41538102,159705920,60,Konsumsi,538,1,0.69,0,164682273,Default
CUST001401,29,Laki-laki,S1,PNS,3283390,206264258,24,Kendaraan,649,1,0.12,9,429742117,Default
CUST001402,62,Laki-laki,,Freelancer,4497410,26759267,12,Modal Usaha,603,1,0.71,4,196120903,Default
CUST001403,35,perempuan,S2,Wiraswasta,19687812,115674022,60,Pendidikan,594,4,0.19,0,314851702,Tidak Default
CUST001404,38,Perempuan,D3,Freelancer,30683114,124323083,36,Renovasi Rumah,439,4,0.38,8,59493669,Default
CUST001405,31,Laki-laki,SMA,PNS,33447686,169477873,60,Renovasi Rumah,390,3,0.85,11,268377114,Default
CUST001406,40,Laki-laki,D3,Karyawan Kontrak,38816031,61054048,12,Kendaraan,715,5,0.42,7,130645721,Tidak Default
CUST001407,64,Perempuan,D3,Freelancer,12488179,93186267,12,Konsumsi,794,0,0.07,8,480280158,Tidak Default
CUST001408,55,Perempuan,SMA,PNS,15424065,228952274,48,Renovasi Rumah,803,0,0.43,1,254048138,Tidak Default
CUST001409,52,Laki-laki,S2,Karyawan Tetap,39449456,245378930,36,Kendaraan,754,1,0.49,3,247487574,Tidak Default
CUST001410,26,Perempuan,SMA,Karyawan Kontrak,24995969,132215228,60,Pendidikan,603,5,0.14,5,435273340,Tidak Default
CUST001411,28,Perempuan,,Wiraswasta,27724480,155765964,24,Kendaraan,431,0,0.64,1,23113761,Default
CUST001412,32,Laki-laki,S2,PNS,30783988,58013216,36,Modal Usaha,690,5,0.28,0,311296118,Tidak Default
CUST001413,36,Laki-laki,SMA,Freelancer,37670422,255134270,12,Modal Usaha,790,0,0.18,0,419946040,Tidak Default
CUST001414,38,Laki-laki,S1,Karyawan Kontrak,29509025,43578174,12,Modal Usaha,526,1,0.76,5,249927217,Tidak Default
CUST001415,59,Laki-laki,S2,Karyawan Tetap,21163274,277085602,60,Renovasi Rumah,355,1,0.53,4,380351292,Default
CUST001416,35,Perempuan,S1,Karyawan Kontrak,47255307,289572866,60,Modal Usaha,519,3,0.85,8,453768371,Tidak Default
CUST001417,38,Perempuan,SMA,Freelancer,3054245,188251009,36,Konsumsi,302,5,0.47,2,363839136,Default
CUST001418,62,Laki-laki,S2,Karyawan Kontrak,21791944,22450843,60,Konsumsi,430,2,0.32,8,7942134,Default
CUST001419,23,Perempuan,SMA,Karyawan Kontrak,24674668,87469212,36,Pendidikan,483,4,0.71,2,425033164,Tidak Default
CUST001420,39,Perempuan,SMA,Wiraswasta,13979882,252179969,36,Pendidikan,717,1,0.07,4,364380049,Tidak Default
CUST001421,22,Perempuan,D3,Wiraswasta,36904850,189739903,24,Renovasi Rumah,585,2,0.5,7,476534803,Tidak Default
CUST001422,27,Laki-laki,D3,PNS,46573292,52089509,36,Modal Usaha,463,3,0.52,2,277021894,Tidak Default
CUST001423,31,Laki-laki,SMA,Karyawan Kontrak,37965302,163915462,60,Modal Usaha,447,3,0.44,11,,Tidak Default
CUST001424,26,Laki-laki,SMA,Karyawan Kontrak,19263789,193418308,60,Pendidikan,582,5,0.29,1,404543518,Tidak Default
CUST001425,,Perempuan,D3,Karyawan Kontrak,25394055,253746019,12,Modal Usaha,574,2,0.55,0,61704284,Default
CUST001426,49,Perempuan,S1,PNS,14365674,246985230,36,Modal Usaha,356,5,0.39,9,410745431,Tidak Default
CUST001427,48,Perempuan,S2,Karyawan Tetap,37739886,181162316,60,Renovasi Rumah,494,2,0.38,4,70374573,Tidak Default
CUST001428,46,Laki-laki,D3,Freelancer,35986312,127952875,48,Pendidikan,803,5,0.8,9,246950069,Tidak Default
CUST001429,59,Perempuan,S1,PNS,22351554,76415844,48,Renovasi Rumah,504,1,0.74,,266611191,Default
CUST001430,44,Laki-laki,SMA,PNS,45455311,18409057,24,Modal Usaha,598,3,0.82,1,334017540,Default
CUST001431,59,Perempuan,S2,Wiraswasta,7825151,182002928,24,Renovasi Rumah,580,5,0.17,2,358587169,Tidak Default
CUST001432,48,Laki-laki,SMA,Karyawan Kontrak,42428156,181628119,24,Renovasi Rumah,579,4,0.27,3,479438420,Tidak Default
CUST001433,54,Perempuan,S2,PNS,24848828,193046385,12,Kendaraan,303,3,0.06,2,,Default
CUST001434,30,Laki-laki,S1,PNS,24903813,279566815,48,Modal Usaha,,5,0.35,9,463845851,Tidak Default
CUST001435,24,Perempuan,S2,Karyawan Kontrak,34468022,198596408,60,Kendaraan,758,1,0.24,4,222378408,Tidak Default
CUST001436,49,Perempuan,S1,Karyawan Kontrak,,88875338,36,Kendaraan,682,2,0.16,7,,Tidak Default
CUST001437,,Perempuan,S1,Karyawan Kontrak,33202691,33754401,12,Kendaraan,770,2,0.56,12,,Tidak Default
CUST001438,45,Perempuan,D3,Karyawan Tetap,20867777,109470141,60,Kendaraan,383,3,0.17,11,,Default
CUST001439,48,Perempuan,,,38206376,73717478,36,Modal Usaha,513,5,0.87,5,376085040,Default
CUST001440,42,Perempuan,SMA,Freelancer,32226185,203542866,24,Pendidikan,583,4,0.63,9,,Tidak Default
CUST001441,61,Perempuan,S1,PNS,13311544,158787567,24,Konsumsi,445,1,,5,,Tidak Default
CUST001442,64,Laki-laki,S1,Wiraswasta,44369819,266117953,60,Modal Usaha,836,4,0.74,8,35755003,Tidak Default
CUST001443,50,Laki-laki,S2,Karyawan Kontrak,38367154,67152238,36,Pendidikan,493,0,0.23,,240784149,Default
CUST001444,30,Perempuan,S1,Wiraswasta,23199691,16226785,12,Modal Usaha,506,3,0.7,12,483391874,Default
CUST001445,62,,D3,Wiraswasta,14362119,76555339,12,Modal Usaha,584,0,0.15,8,92052166,Default
CUST001446,62,Laki-laki,S1,Karyawan Tetap,7918257,117755770,24,Renovasi Rumah,404,0,0.25,0,158549898,Tidak Default
CUST001447,49,Perempuan,,Karyawan Kontrak,14498366,201847449,48,Konsumsi,408,0,0.74,7,,Default
CUST001448,56,Laki-laki,S2,PNS,44517549,71584785,60,Konsumsi,354,3,0.57,4,310251126,Default
CUST001449,55,Laki-laki,S1,PNS,12264785,107097410,24,Renovasi Rumah,364,0,0.34,1,335397355,Tidak Default
CUST001450,55,Perempuan,SMA,,31612987,267905839,36,Modal Usaha,532,0,0.54,10,169109412,Default
CUST001451,43,Laki-laki,D3,Freelancer,14242491,45180003,12,Kendaraan,793,1,0.32,4,38751943,Tidak Default
CUST001452,41,Perempuan,S2,Karyawan Kontrak,18477017,267707170,12,Pendidikan,322,0,0.25,1,488611475,Default
CUST001453,28,Laki-laki,D3,Wiraswasta,41281510,64350172,12,Kendaraan,642,0,0.77,0,439958986,Tidak Default
CUST001454,54,Perempuan,S2,PNS,36021410,25754767,36,Renovasi Rumah,521,0,,7,236525608,Tidak Default
CUST001455,22,Perempuan,SMA,Karyawan Tetap,41057528,297386528,24,Konsumsi,536,0,0.08,1,153857270,Tidak Default
CUST001456,57,Laki-laki,D3,Freelancer,14627119,179267735,60,Pendidikan,828,5,0.67,11,110427526,Tidak Default
CUST001457,53,Perempuan,D3,Freelancer,23966160,128508252,12,Modal Usaha,638,2,0.08,5,436628614,Tidak Default
CUST001458,34,Laki-laki,SMA,PNS,13644313,184449637,36,Renovasi Rumah,383,2,0.49,,,Default
CUST001459,40,Laki-laki,SMA,Karyawan Kontrak,28481476,160370447,24,Renovasi Rumah,303,5,0.76,1,120791619,Default
CUST001460,,Perempuan,SMA,Wiraswasta,26961033,256528308,24,Pendidikan,300,2,0.79,7,343475726,Default
CUST001461,28,Perempuan,S2,Freelancer,14141031,155549193,24,Modal Usaha,358,0,0.07,8,220004724,Tidak Default
CUST001462,34,Laki-laki,D3,Karyawan Kontrak,7566975,206170793,12,Renovasi Rumah,587,4,0.62,2,97296459,Tidak Default
CUST001463,63,Laki-laki,S2,Freelancer,11944627,112434892,36,Kendaraan,706,2,0.22,2,83368054,Tidak Default
CUST001464,51,Perempuan,S2,Wiraswasta,6475192,93144333,12,Modal Usaha,556,0,,0,221199921,Default
CUST001465,,Laki-laki,S2,Freelancer,,258501235,12,Renovasi Rumah,,4,0.35,12,362896554,Tidak Default
CUST001466,34,Perempuan,D3,Karyawan Tetap,40017525,198214383,48,Kendaraan,699,2,0.74,12,123621018,Tidak Default
CUST001467,55,Perempuan,D3,Wiraswasta,19501259,183360068,60,Modal Usaha,846,3,0.44,10,390371103,Tidak Default
CUST001468,36,Laki-laki,D3,PNS,44535376,66006851,24,Renovasi Rumah,441,4,0.58,10,358997834,Default
CUST001469,60,Perempuan,S1,Wiraswasta,46573567,189798426,36,Renovasi Rumah,839,5,0.85,9,,Default
CUST001470,59,Perempuan,SMA,Wiraswasta,,268812410,24,Modal Usaha,508,5,0.47,9,451916756,Default
CUST001471,51,Perempuan,S1,Karyawan Tetap,36859810,286727969,60,Renovasi Rumah,577,3,0.21,5,405424779,Tidak Default
CUST001472,63,Perempuan,D3,,38350847,168907414,60,Pendidikan,419,2,0.74,2,374135317,Tidak Default
CUST001473,48,Laki-laki,S2,PNS,49893818,90032884,12,Konsumsi,581,1,0.5,3,167761792,Tidak Default
CUST001474,38,Laki-laki,D3,PNS,13817925,186056207,12,Kendaraan,476,5,0.36,2,471472279,Default
CUST001475,38,Perempuan,S2,PNS,47231513,216524667,60,Pendidikan,801,0,,3,288040531,Default
CUST001476,56,Laki-laki,SMA,Karyawan Kontrak,35455133,109068270,60,Pendidikan,732,1,0.22,1,279049108,Tidak Default
CUST001477,,Perempuan,S1,PNS,26811660,14744607,60,Kendaraan,746,1,0.48,3,90146173,Tidak Default
CUST001478,,Laki-laki,SMA,Wiraswasta,5093647,202710277,36,Renovasi Rumah,455,4,0.57,11,207103204,Tidak Default
CUST001479,29,Laki-laki,S1,Freelancer,25911456,62647607,24,Modal Usaha,728,4,0.14,12,216416516,Default
CUST001480,56,Perempuan,SMA,Freelancer,5394964,159922907,60,Modal Usaha,382,0,0.75,,395935979,Default
CUST001481,40,Perempuan,SMA,Freelancer,42583719,149909841,12,Modal Usaha,828,3,0.07,0,,Default
CUST001482,38,Perempuan,S1,PNS,32002263,253002623,60,Kendaraan,813,3,0.22,2,,Tidak Default
CUST001483,50,Laki-laki,S2,Karyawan Tetap,28295893,250751594,48,Konsumsi,,3,0.63,12,,Default
CUST001484,24,Perempuan,S1,Wiraswasta,20365892,279744168,12,Pendidikan,305,5,0.11,9,472993900,Default
CUST001485,,Perempuan,D3,Freelancer,44505512,199146846,48,Kendaraan,365,5,0.74,0,313640906,Default
CUST001486,54,Laki-laki,S1,Karyawan Kontrak,49688693,277180998,48,Renovasi Rumah,628,0,0.06,2,,Tidak Default
CUST001487,63,Perempuan,S1,PNS,5757612,56215845,36,Konsumsi,602,5,0.22,7,494541578,Tidak Default
CUST001488,40,Laki-laki,D3,Wiraswasta,40609223,215670801,36,Renovasi Rumah,443,3,0.81,3,426405177,Default
CUST001489,29,Laki-laki,SMA,Karyawan Tetap,5967460,100366536,12,Modal Usaha,534,2,0.22,1,326693228,Tidak Default
CUST001490,54,Perempuan,SMA,PNS,20073308,100380545,36,Modal Usaha,833,4,0.44,4,499050011,Tidak Default
CUST001491,36,Laki-laki,D3,Karyawan Kontrak,24450355,150833967,48,Modal Usaha,317,2,0.42,7,79084397,Default
CUST001492,63,Perempuan,D3,Freelancer,19526374,80109699,36,Kendaraan,454,1,0.38,9,455047652,Tidak Default
CUST001493,58,Perempuan,SMA,Karyawan Kontrak,25165146,248041863,12,Modal Usaha,818,3,0.84,0,17437252,Tidak Default
CUST001494,38,Perempuan,SMA,Wiraswasta,40016209,72086135,60,Pendidikan,523,4,0.15,8,9991415,Tidak Default
CUST001495,57,Laki-laki,SMA,Freelancer,8321119,50580220,36,Pendidikan,317,0,0.7,8,5108718,Default
CUST001496,61,Laki-laki,D3,Freelancer,39069748,168375999,48,Modal Usaha,343,0,0.3,4,,Default
CUST001497,28,Perempuan,S2,PNS,40266330,137565054,12,Renovasi Rumah,752,0,0.18,4,478502310,Tidak Default
CUST001498,59,Laki-laki,SMA,Wiraswasta,42187964,110751042,24,Konsumsi,332,2,0.55,11,202067138,Default
CUST001499,59,Perempuan,,Wiraswasta,36095690,82389054,48,Kendaraan,445,0,0.73,12,,Default
CUST001500,29,Perempuan,S2,,10652609,213688441,48,Pendidikan,847,1,0.22,5,323295502,Tidak Default
CUST001501,59,Perempuan,SMA,Wiraswasta,18161530,111153976,60,Kendaraan,368,2,0.29,9,411410547,Default
CUST001502,58,Perempuan,D3,Karyawan Tetap,32991585,11828634,12,Pendidikan,311,5,0.14,0,,Default
CUST001503,48,Laki-laki,SMA,PNS,20981529,54365127,24,Konsumsi,663,4,0.45,2,211649594,Tidak Default
CUST001504,31,Laki-laki,SMA,Wiraswasta,9526934,63530480,24,Kendaraan,443,1,0.87,6,257395801,Default
CUST001505,,Perempuan,S1,Wiraswasta,45873135,289764338,60,Kendaraan,634,2,0.82,6,120065713,Default
CUST001506,28,Laki-laki,D3,Karyawan Kontrak,20082390,106709813,24,Renovasi Rumah,835,0,,5,,Tidak Default
CUST001507,39,Laki-laki,SMA,Karyawan Tetap,45902713,292156413,60,Kendaraan,758,3,0.6,10,210552836,Tidak Default
CUST001508,53,Laki-laki,S2,Freelancer,48423359,156340652,12,Pendidikan,591,0,0.47,5,391461969,Default
CUST001509,63,Laki-laki,S2,Karyawan Tetap,29047700,135303452,12,Konsumsi,616,2,0.74,11,167184139,Default
CUST001510,62,Laki-laki,S1,Wiraswasta,21028910,240180211,48,Konsumsi,498,0,0.76,3,,Default
CUST001511,41,Perempuan,SMA,Freelancer,3231597,185071863,48,Renovasi Rumah,788,2,0.46,4,437403040,Tidak Default
CUST001512,22,Perempuan,S2,Karyawan Kontrak,8306948,254147485,36,Pendidikan,466,3,0.08,3,,Tidak Default
CUST001513,64,Laki-laki,SMA,Wiraswasta,37136237,238222020,12,Modal Usaha,368,2,0.59,5,367927143,Default
CUST001514,55,Perempuan,S1,Freelancer,37674562,150573868,60,Renovasi Rumah,318,2,0.89,9,475325714,Default
CUST001515,65,Perempuan,D3,Karyawan Tetap,,159129898,48,Konsumsi,395,0,0.73,1,,Default
CUST001516,29,Laki-laki,S2,Wiraswasta,31802192,168937460,12,Kendaraan,461,0,0.06,9,380967496,Tidak Default
CUST001517,45,Laki-laki,S2,Freelancer,48859125,252580419,48,Modal Usaha,620,1,0.22,10,304664881,Tidak Default
CUST001518,45,Laki-laki,S2,Wiraswasta,46075530,158238094,24,Modal Usaha,376,4,0.07,11,219442558,Default
CUST001519,39,Laki-laki,S2,Karyawan Kontrak,13113467,285826006,60,Modal Usaha,476,4,0.54,4,93496462,Tidak Default
CUST001520,45,Laki-laki,S2,Freelancer,24274234,118912467,24,Kendaraan,494,2,0.73,6,36337056,Default
CUST001521,63,Perempuan,SMA,Wiraswasta,26441513,70099311,60,Kendaraan,632,3,0.25,5,195831921,Tidak Default
CUST001522,34,Perempuan,SMA,Karyawan Kontrak,27501523,107672566,36,Pendidikan,419,3,0.67,2,429474777,Default
CUST001523,36,Perempuan,S2,Karyawan Tetap,31865177,261927382,12,Pendidikan,723,1,0.84,5,433815515,Tidak Default
CUST001524,62,Perempuan,D3,PNS,23559737,280113780,36,Kendaraan,667,0,0.87,7,269254330,Tidak Default
CUST001525,56,Perempuan,D3,PNS,44547758,180233388,24,Renovasi Rumah,748,0,0.75,11,,Default
CUST001526,50,Perempuan,S1,Freelancer,36566343,253704293,12,Renovasi Rumah,711,0,0.3,8,112819635,Tidak Default
CUST001527,26,Laki-laki,S2,Karyawan Tetap,28414181,222498205,36,Kendaraan,430,2,0.54,4,342030951,Default
CUST001528,57,Perempuan,D3,Karyawan Tetap,30854100,180322970,60,Modal Usaha,460,3,0.18,3,182877862,Default
CUST001529,56,Laki-laki,D3,Wiraswasta,28162638,223456483,60,Kendaraan,619,0,0.6,6,245642380,Default
CUST001530,49,Laki-laki,SMA,PNS,11491844,130584097,24,Konsumsi,762,2,0.69,5,480668010,Tidak Default
CUST001531,,Laki-laki,D3,Wiraswasta,14967028,257441256,24,Modal Usaha,509,1,0.51,9,,Tidak Default
CUST001532,36,Perempuan,S1,,5268423,158700508,48,Modal Usaha,412,1,0.59,8,240757175,Tidak Default
CUST001533,64,Perempuan,SMA,Freelancer,41193000,233494294,48,Kendaraan,782,3,0.53,6,363090201,Tidak Default
CUST001534,32,Laki-laki,S2,Freelancer,9514758,263153665,36,Pendidikan,581,0,,5,,Default
CUST001535,65,Perempuan,S1,Wiraswasta,49262816,174110066,12,Renovasi Rumah,782,5,,4,128866992,Tidak Default
CUST001536,53,Perempuan,SMA,Wiraswasta,30498814,52277951,36,Renovasi Rumah,444,1,0.83,4,416173840,Default
CUST001537,35,Laki-laki,S1,PNS,11377940,95645328,12,Kendaraan,505,2,0.55,4,407350324,Default
CUST001538,65,Laki-laki,D3,Freelancer,34151078,27464278,24,Pendidikan,624,0,0.26,9,263457493,Tidak Default
CUST001539,51,Laki-laki,S2,Karyawan Kontrak,32265982,262071029,24,Renovasi Rumah,553,2,0.55,5,216945276,Tidak Default
CUST001540,50,Perempuan,D3,Freelancer,28694629,158224185,24,Modal Usaha,378,0,0.52,4,,Default
CUST001541,56,Perempuan,D3,Karyawan Kontrak,40016187,29301500,60,Modal Usaha,458,5,0.51,5,131317537,Default
CUST001542,44,Laki-laki,D3,PNS,19589194,298225942,36,Pendidikan,627,4,0.74,3,25919365,Tidak Default
CUST001543,47,Laki-laki,S1,PNS,44402073,102690789,12,Pendidikan,723,0,0.71,3,248049573,Tidak Default
CUST001544,41,Perempuan,S1,Karyawan Kontrak,18259489,75312617,36,Modal Usaha,541,4,0.46,0,322543073,Tidak Default
CUST001545,24,Laki-laki,D3,Karyawan Tetap,16990914,65582210,36,Renovasi Rumah,403,2,0.35,7,190024195,Tidak Default
CUST001546,52,Perempuan,D3,PNS,12643689,157463786,60,Renovasi Rumah,738,3,0.14,3,249457865,Tidak Default
CUST001547,48,Perempuan,S2,Karyawan Kontrak,18230398,78947465,48,Renovasi Rumah,688,1,0.06,4,412420718,Tidak Default
CUST001548,24,Laki-laki,SMA,Wiraswasta,17123683,214137117,36,Konsumsi,332,2,0.25,7,101735738,Default
CUST001549,52,Perempuan,D3,PNS,11483656,219179397,60,Kendaraan,845,1,0.62,12,362429545,Tidak Default
CUST001550,26,Laki-laki,S2,Karyawan Kontrak,48811414,33552220,48,Pendidikan,580,4,0.2,9,391235289,Tidak Default
CUST001551,64,Perempuan,S1,PNS,20072416,12252229,60,Konsumsi,842,5,0.2,6,397931556,Tidak Default
CUST001552,23,Perempuan,D3,Freelancer,39677834,260315467,36,Renovasi Rumah,332,0,0.59,6,414361119,Default
CUST001553,26,Laki-laki,D3,Freelancer,14043896,231043561,60,Kendaraan,617,0,0.58,12,405431505,Tidak Default
CUST001554,50,Perempuan,S2,Karyawan Kontrak,27527908,48723175,60,Renovasi Rumah,794,0,0.87,10,352780807,Default
CUST001555,46,Perempuan,S2,Freelancer,28575008,127483198,48,Konsumsi,307,2,0.2,8,20356436,Tidak Default
CUST001556,57,Laki-laki,S1,PNS,3493815,147844703,60,Renovasi Rumah,519,0,0.21,6,404586219,Default
CUST001557,26,Laki-laki,S1,Wiraswasta,40266049,253263069,48,Renovasi Rumah,638,4,0.52,0,45652468,Default
CUST001558,35,Perempuan,S2,PNS,35391720,178959697,24,Modal Usaha,407,3,0.66,11,397004284,Default
CUST001559,35,Laki-laki,S2,Karyawan Kontrak,4209976,219497626,36,Pendidikan,,5,0.19,10,43494826,Tidak Default
CUST001560,25,Laki-laki,SMA,Wiraswasta,42901489,144486067,60,Kendaraan,689,4,0.63,8,,Tidak Default
CUST001561,48,Perempuan,S1,Wiraswasta,19371628,156744779,24,Konsumsi,366,2,0.5,0,240368470,Tidak Default
CUST001562,64,Perempuan,,Freelancer,33331356,178342207,12,Pendidikan,561,4,0.12,7,5451432,Tidak Default
CUST001563,64,Perempuan,D3,Wiraswasta,48137223,128837093,36,Modal Usaha,501,4,0.38,7,383260581,Default
CUST001564,,Laki-laki,D3,Karyawan Tetap,23805429,283519640,48,Konsumsi,614,5,0.26,1,325826156,Tidak Default
CUST001565,46,,D3,Karyawan Tetap,8488847,114636951,24,Modal Usaha,455,2,0.53,9,73001448,Default
CUST001566,31,Laki-laki,S1,Karyawan Tetap,46764559,91980724,36,Pendidikan,,0,0.8,12,65352657,Default
CUST001567,41,Perempuan,D3,Karyawan Tetap,9036601,162046484,12,Pendidikan,557,0,0.06,8,467111269,Tidak Default
CUST001568,44,Perempuan,S2,PNS,43048985,9263281,36,Pendidikan,507,5,0.57,1,111290083,Default
CUST001569,30,Perempuan,D3,Karyawan Tetap,38344366,129048726,12,Pendidikan,795,1,0.27,7,444262102,Tidak Default
CUST001570,64,Perempuan,SMA,Karyawan Tetap,26811997,275480652,48,Pendidikan,750,4,0.5,8,101226203,Tidak Default
CUST001571,41,Perempuan,SMA,Karyawan Tetap,32716902,10082077,24,Modal Usaha,758,0,0.74,11,,Default
CUST001572,45,Perempuan,S2,Freelancer,25187663,96579280,12,Renovasi Rumah,821,4,0.47,5,497780792,Tidak Default
CUST001573,53,Perempuan,S2,Freelancer,25680647,14894659,12,Konsumsi,833,1,0.41,11,25146977,Tidak Default
CUST001574,65,Laki-laki,S1,PNS,20630086,166676164,12,Kendaraan,547,5,0.77,7,,Default
CUST001575,29,Perempuan,SMA,Wiraswasta,6455181,179314723,48,Modal Usaha,599,5,0.34,2,,Default
CUST001576,58,Perempuan,SMA,Karyawan Kontrak,45511307,24391473,48,Kendaraan,818,4,0.81,,148679546,Default
CUST001577,41,Perempuan,S2,PNS,20908035,287847399,12,Renovasi Rumah,466,2,0.59,11,56172238,Tidak Default
CUST001578,26,Laki-laki,D3,Wiraswasta,22034264,133437853,60,Modal Usaha,654,0,0.35,2,130209785,Tidak Default
CUST001579,64,Perempuan,S2,PNS,30209648,49836938,12,Konsumsi,651,5,0.55,,166244745,Tidak Default
CUST001580,27,Perempuan,,Karyawan Kontrak,22122520,33621336,24,Kendaraan,734,2,0.56,9,297727514,Tidak Default
CUST001581,22,Laki-laki,S1,Karyawan Tetap,33452050,92394818,60,Renovasi Rumah,770,2,0.9,8,313154633,Default
CUST001582,32,Perempuan,S2,Freelancer,37463279,144334110,24,Modal Usaha,584,1,0.35,3,240485354,Tidak Default
CUST001583,28,Perempuan,S2,Wiraswasta,17941831,34250518,12,Renovasi Rumah,844,5,0.66,5,121154650,Tidak Default
CUST001584,30,Laki-laki,S2,Karyawan Tetap,32472838,296362699,36,Konsumsi,375,0,0.13,8,237231275,Tidak Default
CUST001585,37,Perempuan,D3,Karyawan Tetap,9686160,216082877,36,Renovasi Rumah,828,3,0.48,12,281853677,Tidak Default
CUST001586,40,Perempuan,SMA,Karyawan Kontrak,10116772,96638001,36,Modal Usaha,441,4,0.48,0,348133521,Default
CUST001587,60,Perempuan,SMA,Karyawan Tetap,35396996,193140829,36,Pendidikan,598,3,0.55,12,475818163,Tidak Default
CUST001588,58,Laki-laki,SMA,Wiraswasta,40240764,131577473,24,Kendaraan,697,3,0.59,11,276990750,Default
CUST001589,39,Laki-laki,SMA,Freelancer,10143767,98878780,60,Pendidikan,667,2,0.6,9,67718502,Default
CUST001590,37,Perempuan,S1,Freelancer,28816614,18225465,36,Pendidikan,411,5,0.69,7,316574847,Default
CUST001591,65,Laki-laki,S1,,3649004,75581322,24,Pendidikan,735,3,0.66,3,,Tidak Default
CUST001592,59,Perempuan,D3,Karyawan Tetap,26585632,112696140,24,Modal Usaha,,5,0.53,1,245646814,Tidak Default
CUST001593,30,Perempuan,D3,Freelancer,22236391,240419251,48,Modal Usaha,437,1,0.55,9,,Default
CUST001594,32,Perempuan,S1,Freelancer,46039056,205288446,60,Kendaraan,717,2,0.09,11,89071736,Tidak Default
CUST001595,26,Laki-laki,D3,Freelancer,23324064,27527220,36,Modal Usaha,736,3,0.55,8,39788073,Tidak Default
CUST001596,39,Laki-laki,SMA,Karyawan Tetap,34450708,99806618,24,Modal Usaha,576,5,0.35,11,383365299,Default
CUST001597,65,Laki-laki,D3,Karyawan Kontrak,46350873,65841509,24,Konsumsi,348,3,0.33,1,164164395,Tidak Default
CUST001598,47,Perempuan,SMA,Karyawan Tetap,27660654,94211544,24,Renovasi Rumah,831,5,0.09,4,,Tidak Default
CUST001599,31,Laki-laki,SMA,Wiraswasta,36793545,8768545,12,Kendaraan,425,3,0.88,4,219340724,Default
CUST001600,64,Laki-laki,D3,Karyawan Kontrak,32706540,19144320,60,Pendidikan,796,3,0.3,4,48591761,Tidak Default
CUST001601,48,Laki-laki,D3,Freelancer,18970773,84031347,12,Modal Usaha,816,5,0.63,9,179336018,Tidak Default
CUST001602,44,Perempuan,S2,Karyawan Tetap,47724019,43293956,48,Kendaraan,326,0,0.09,7,354593324,Tidak Default
CUST001603,35,Laki-laki,,Wiraswasta,10378626,92113476,24,Pendidikan,399,4,0.57,2,101304547,Default
CUST001604,58,Perempuan,S1,Freelancer,3102137,294365193,48,Pendidikan,388,3,0.31,7,69933260,Default
CUST001605,48,Perempuan,SMA,Karyawan Tetap,14446846,7441219,36,Konsumsi,639,4,0.54,5,45302913,Default
CUST001606,36,Perempuan,S2,,3637983,262813700,24,Modal Usaha,822,0,0.23,7,166848669,Default
CUST001607,36,Perempuan,,Freelancer,45304996,185502943,48,Renovasi Rumah,759,4,0.84,7,179646298,Tidak Default
CUST001608,26,Laki-laki,S1,Karyawan Kontrak,8262639,254689991,12,Konsumsi,783,5,0.16,5,170182916,Tidak Default
CUST001609,52,Laki-laki,S1,Wiraswasta,36420315,77183745,48,Kendaraan,460,2,0.39,12,87851052,Default
CUST001610,58,Laki-laki,SMA,PNS,36706139,109479646,12,Modal Usaha,714,4,0.68,12,340467530,Tidak Default
CUST001611,27,Perempuan,D3,Karyawan Kontrak,34454704,75922733,24,Modal Usaha,656,2,0.64,12,,Tidak Default
CUST001612,31,Laki-laki,S2,Wiraswasta,22041811,232114734,48,Kendaraan,782,0,0.2,4,101865070,Tidak Default
CUST001613,59,Laki-laki,S2,Karyawan Kontrak,38149320,124528601,12,Modal Usaha,537,2,0.77,11,,Default
CUST001614,26,Laki-laki,S2,Freelancer,37947742,113580512,60,Pendidikan,417,4,0.78,12,,Default
CUST001615,44,Perempuan,SMA,Wiraswasta,35969325,256740248,60,Pendidikan,452,5,0.72,11,,Default
CUST001616,29,Perempuan,S1,Karyawan Kontrak,45305186,25630597,12,Kendaraan,489,2,0.32,4,264258874,Tidak Default
CUST001617,60,Perempuan,SMA,PNS,20142408,149542228,48,Renovasi Rumah,705,4,,11,132233695,Tidak Default
CUST001618,31,Perempuan,S2,PNS,4615462,103652514,36,Renovasi Rumah,,0,0.41,12,5072659,Default
CUST001619,60,Perempuan,S2,PNS,30148065,88463012,24,Konsumsi,481,4,0.61,9,359018612,Tidak Default
CUST001620,32,Perempuan,SMA,Karyawan Kontrak,35492258,148883698,36,Renovasi Rumah,555,0,0.55,6,108823952,Default
CUST001621,35,Laki-laki,S2,PNS,28674654,195800793,60,Modal Usaha,315,5,0.48,7,151603799,Default
CUST001622,55,Perempuan,SMA,Karyawan Tetap,41008090,148117432,24,Pendidikan,627,3,0.4,8,27406287,Tidak Default
CUST001623,38,L@ki-l@ki,,Karyawan Kontrak,36228588,249029488,12,Kendaraan,782,2,0.62,0,497249568,Tidak Default
CUST001624,40,Perempuan,S1,Karyawan Kontrak,7447812,187138334,24,Kendaraan,510,2,0.74,12,350397268,Default
CUST001625,53,Laki-laki,S1,Karyawan Tetap,9062379,110712637,48,Pendidikan,733,4,0.69,6,53754691,Tidak Default
CUST001626,61,Laki-laki,SMA,Karyawan Kontrak,35258736,50166171,12,Kendaraan,409,4,0.2,6,384490099,Default
CUST001627,51,Laki-laki,D3,Karyawan Kontrak,29903084,33773216,60,Modal Usaha,755,5,0.06,0,169388935,Tidak Default
CUST001628,60,Perempuan,S2,Karyawan Tetap,24468692,257208393,36,Pendidikan,799,1,0.78,5,209431145,Tidak Default
CUST001629,30,Laki-laki,S1,,44025084,230418316,36,Renovasi Rumah,558,0,0.34,8,50703138,Tidak Default
CUST001630,28,Laki-laki,S1,Freelancer,15226497,242930872,60,Renovasi Rumah,691,4,0.1,0,108565657,Tidak Default
CUST001631,39,Laki-laki,D3,Karyawan Kontrak,29982675,205263904,48,Modal Usaha,606,2,0.84,8,142741888,Default
CUST001632,49,Laki-laki,S1,Freelancer,20428118,20605130,48,Renovasi Rumah,406,3,0.68,9,235510114,Default
CUST001633,53,Perempuan,D3,Karyawan Tetap,32772957,161671835,60,Pendidikan,355,2,0.46,9,338697753,Tidak Default
CUST001634,,Perempuan,S2,Freelancer,34366569,178779390,48,Modal Usaha,713,2,0.68,2,16668558,Tidak Default
CUST001635,27,Perempuan,S2,Wiraswasta,42369362,264370735,36,Pendidikan,757,5,0.9,6,,Default
CUST001636,28,Laki-laki,S2,Karyawan Tetap,13279322,9339996,24,Pendidikan,548,2,0.43,5,449537262,Tidak Default
CUST001637,37,Laki-laki,D3,Wiraswasta,13817863,27200861,12,Modal Usaha,587,2,0.6,10,30410569,Tidak Default
CUST001638,,Perempuan,S1,Freelancer,41092397,42654257,24,Kendaraan,692,2,0.76,3,,Default
CUST001639,24,Laki-laki,S2,PNS,47419122,197759273,24,Pendidikan,698,3,0.77,2,192134229,Tidak Default
CUST001640,55,Perempuan,D3,Freelancer,16387328,41318038,60,Konsumsi,552,3,0.52,10,99642696,Tidak Default
CUST001641,60,Perempuan,SMA,Freelancer,15287956,63434963,60,Konsumsi,397,1,0.47,0,265038950,Tidak Default
CUST001642,31,Laki-laki,D3,,3863811,111523604,12,Pendidikan,703,1,0.52,7,183186092,Default
CUST001643,63,Laki-laki,SMA,Wiraswasta,7587853,190097115,24,Konsumsi,425,4,0.15,1,434797642,Tidak Default
CUST001644,56,Perempu@n,SMA,Wiraswasta,14865927,122011925,12,Konsumsi,687,4,0.56,6,366156174,Default
CUST001645,24,Perempuan,S2,Karyawan Kontrak,30474481,220092568,12,Renovasi Rumah,790,1,0.54,6,,Tidak Default
CUST001646,25,Laki-laki,S1,Wiraswasta,20515445,223030836,12,Renovasi Rumah,844,4,0.42,1,457091459,Tidak Default
CUST001647,28,Laki-laki,SMA,Wiraswasta,34025583,92426369,24,Modal Usaha,569,2,0.39,10,51715836,Tidak Default
CUST001648,65,Laki-laki,S1,Freelancer,46660478,168894450,24,Konsumsi,332,0,0.33,7,,Default
CUST001649,57,Perempuan,S2,Karyawan Tetap,15936028,20255422,48,Kendaraan,601,0,0.65,4,122175051,Tidak Default
CUST001650,56,Perempuan,S2,PNS,20906515,171515461,12,Renovasi Rumah,332,1,0.29,12,74877234,Default
CUST001651,22,Perempuan,S2,PNS,32589776,271458373,12,Konsumsi,440,2,0.06,4,490085192,Default
CUST001652,56,Laki-laki,S2,,42137420,197989830,24,Renovasi Rumah,702,0,0.87,7,496945642,Tidak Default
CUST001653,62,Laki-laki,S1,Karyawan Tetap,17679959,88408984,12,Kendaraan,587,2,0.75,12,329498010,Default
CUST001654,35,Perempuan,SMA,PNS,36851276,109811501,60,Renovasi Rumah,798,5,0.5,2,31436059,Tidak Default
CUST001655,46,Laki-laki,D3,Freelancer,27893552,119252649,12,Pendidikan,322,2,0.51,9,477238937,Default
CUST001656,24,Perempuan,SMA,Karyawan Kontrak,30121125,229898333,24,Pendidikan,576,5,0.25,4,35336617,Tidak Default
CUST001657,56,Perempuan,D3,PNS,32044339,73476421,60,Konsumsi,754,4,,4,418511645,Default
CUST001658,61,Perempuan,S2,PNS,24809916,50743783,12,Konsumsi,772,3,0.27,10,246454573,Tidak Default
CUST001659,40,Laki-laki,,Karyawan Tetap,37621612,13470833,24,Renovasi Rumah,323,5,0.68,2,462743732,Default
CUST001660,29,Laki-laki,D3,Freelancer,21816541,224096046,60,Pendidikan,513,1,0.1,7,,Tidak Default
CUST001661,33,Perempuan,SMA,Freelancer,,208175200,36,Kendaraan,748,1,0.6,12,39758115,Default
CUST001662,31,Perempuan,S2,Wiraswasta,,163525529,48,Konsumsi,329,1,0.26,2,360215424,Default
CUST001663,22,,S1,PNS,37165476,299869182,60,Kendaraan,655,4,0.79,7,189288931,Default
CUST001664,54,Perempuan,SMA,PNS,33995690,181984208,48,Modal Usaha,308,3,0.36,0,,Default
CUST001665,53,Perempuan,S1,Freelancer,4222782,8889734,12,Kendaraan,474,0,,0,,Default
CUST001666,33,Laki-laki,D3,PNS,30027753,112787061,24,Renovasi Rumah,771,3,0.15,7,58950369,Default
CUST001667,,Perempuan,S2,Wiraswasta,5183508,251809117,24,Konsumsi,622,4,0.72,8,491346179,Default
CUST001668,25,,S2,Wiraswasta,8853259,97571022,36,Modal Usaha,351,1,0.06,9,16995991,Default
CUST001669,,Laki-laki,S2,PNS,13360613,280557719,60,Renovasi Rumah,654,5,0.08,4,284323014,Tidak Default
CUST001670,25,Perempuan,,Karyawan Tetap,4922704,195036604,60,Kendaraan,709,4,0.85,0,,Tidak Default
CUST001671,23,Perempuan,SMA,PNS,8783473,49625725,60,Renovasi Rumah,668,1,0.86,6,267058358,Tidak Default
CUST001672,26,Perempuan,S1,Karyawan Tetap,41175711,37944885,36,Konsumsi,569,4,0.31,7,,Tidak Default
CUST001673,61,Laki-laki,SMA,Freelancer,3863653,292553122,48,Modal Usaha,692,3,0.09,7,144694775,Default
CUST001674,57,Laki-laki,S2,Karyawan Tetap,9347590,44911820,12,Konsumsi,366,5,0.53,8,326886566,Default
CUST001675,43,Perempuan,S2,Karyawan Tetap,46000026,76588527,24,Renovasi Rumah,765,0,0.61,6,76022,Tidak Default
CUST001676,46,Perempuan,S1,Karyawan Tetap,26885389,264334485,12,Renovasi Rumah,826,3,0.08,12,55836652,Tidak Default
CUST001677,28,Laki-laki,S2,Karyawan Tetap,9365172,245347142,60,Renovasi Rumah,386,0,0.53,5,428864583,Default
CUST001678,58,Laki-laki,,,16679352,63900413,12,Renovasi Rumah,486,1,0.64,8,37652291,Tidak Default
CUST001679,51,Perempuan,S2,Wiraswasta,26236179,126352241,60,Renovasi Rumah,813,3,0.82,3,125173711,Tidak Default
CUST001680,30,Laki-laki,S1,Freelancer,36258088,217542423,12,Kendaraan,483,5,0.3,0,480346624,Tidak Default
CUST001681,63,Laki-laki,S2,PNS,11736647,136376610,12,Pendidikan,463,2,0.81,7,440569411,Tidak Default
CUST001682,29,Perempuan,S2,PNS,47513776,30320993,36,Pendidikan,685,3,0.15,5,303459207,Tidak Default
CUST001683,53,Perempuan,S1,Wiraswasta,20435565,246594917,24,Modal Usaha,794,2,0.54,5,209723815,Default
CUST001684,24,Perempuan,SMA,,32999295,291154598,12,Renovasi Rumah,377,5,0.56,9,267853633,Tidak Default
CUST001685,30,Laki-laki,S2,Freelancer,12158456,175669459,60,Pendidikan,738,1,0.76,2,,Tidak Default
CUST001686,34,Perempuan,D3,Karyawan Tetap,22673643,138674629,36,Pendidikan,,3,0.75,4,235366554,Tidak Default
CUST001687,56,Laki-laki,S2,Karyawan Kontrak,33922914,249342733,60,Modal Usaha,811,5,0.85,6,294414687,Default
CUST001688,22,Perempuan,S2,Karyawan Tetap,21937807,224887350,12,Modal Usaha,642,2,0.74,10,357304478,Default
CUST001689,59,Perempuan,S1,Karyawan Tetap,37627616,253044588,60,Kendaraan,546,2,0.22,2,446676210,Tidak Default
CUST001690,,Perempuan,D3,Wiraswasta,19590238,237188328,24,Konsumsi,842,0,,7,370841631,Tidak Default
CUST001691,42,Laki-laki,D3,PNS,33231018,72273918,24,Renovasi Rumah,653,1,0.32,10,261685981,Tidak Default
CUST001692,22,Laki-laki,D3,PNS,13440375,197047280,12,Modal Usaha,736,2,0.52,9,443891570,Default
CUST001693,40,Laki-laki,SMA,Karyawan Kontrak,20159680,37515517,24,Modal Usaha,597,5,,3,5244918,Tidak Default
CUST001694,24,Laki-laki,S1,Karyawan Kontrak,24067971,77932592,48,Kendaraan,395,4,0.5,8,,Tidak Default
CUST001695,63,Laki-laki,S1,Wiraswasta,23815353,179342527,36,Renovasi Rumah,684,3,0.84,8,230576144,Tidak Default
CUST001696,29,Laki-laki,D3,PNS,31584674,98462608,36,Pendidikan,720,5,0.27,3,29932556,Tidak Default
CUST001697,38,Perempuan,D3,Karyawan Kontrak,26103443,252308835,36,Renovasi Rumah,697,1,0.43,7,266137924,Tidak Default
CUST001698,26,Laki-laki,S1,Freelancer,,287229550,24,Pendidikan,679,5,0.5,1,76189969,Tidak Default
CUST001699,41,Perempuan,S1,Freelancer,40482318,40980980,24,Konsumsi,504,3,0.48,1,124125834,Default
CUST001700,41,Perempuan,SMA,Karyawan Tetap,26518634,184832127,36,Pendidikan,,0,0.61,2,61337806,Tidak Default
CUST001701,32,Perempuan,SMA,Karyawan Tetap,19951191,32607264,36,Konsumsi,368,3,0.09,0,97057014,Default
CUST001702,41,Perempuan,D3,Freelancer,47390862,12036357,48,Renovasi Rumah,439,4,0.16,7,,Default
CUST001703,33,Perempuan,SMA,Karyawan Tetap,18580833,166681745,48,Modal Usaha,429,4,0.78,8,343781409,Default
CUST001704,63,Laki-laki,S2,PNS,34109612,93174328,12,Renovasi Rumah,432,1,0.07,9,37770900,Default
CUST001705,52,Laki-laki,SMA,Freelancer,4240492,294631091,12,Renovasi Rumah,636,4,0.68,10,105665399,Default
CUST001706,25,Laki-laki,SMA,Freelancer,5857553,282296009,12,Kendaraan,576,3,0.58,6,314782079,Default
CUST001707,28,Laki-laki,S2,Freelancer,24087883,103668406,60,Pendidikan,843,0,0.42,2,284159311,Tidak Default
CUST001708,32,Laki-laki,S2,,43112000,148188469,36,Modal Usaha,614,5,0.09,11,371520446,Default
CUST001709,22,,D3,PNS,26933248,101621636,12,Konsumsi,714,5,0.72,7,217131294,Tidak Default
CUST001710,26,Perempuan,S1,Wiraswasta,23319576,54018235,60,Kendaraan,566,1,0.48,9,,Default
CUST001711,31,Laki-laki,S2,Karyawan Tetap,20802184,100944732,36,Renovasi Rumah,528,1,0.4,9,498633442,Default
CUST001712,58,Laki-laki,D3,Karyawan Kontrak,,249662378,24,Renovasi Rumah,386,0,0.18,3,365453444,Default
CUST001713,40,Perempuan,SMA,Karyawan Tetap,5814280,156595491,48,Renovasi Rumah,,0,0.19,8,235322971,Tidak Default
CUST001714,43,Laki-laki,S2,,32797353,92226570,12,Modal Usaha,753,1,0.6,11,91326236,Default
CUST001715,44,Perempuan,S2,Wiraswasta,44707919,28411011,48,Modal Usaha,619,4,0.52,10,490704253,Default
CUST001716,43,Perempuan,S1,Karyawan Kontrak,48353742,215939909,60,Kendaraan,612,5,0.65,11,395486365,Default
CUST001717,59,Laki-laki,SMA,Karyawan Kontrak,17335239,184233346,60,Kendaraan,631,5,0.53,6,,Tidak Default
CUST001718,43,Laki-laki,S1,PNS,17959359,106905404,12,Renovasi Rumah,587,1,0.4,6,62192736,Tidak Default
CUST001719,60,Perempuan,D3,Karyawan Kontrak,8017263,271983956,36,Pendidikan,350,2,0.4,7,81028034,Default
CUST001720,50,Laki-laki,S1,Karyawan Tetap,14890605,152484131,48,Renovasi Rumah,702,5,0.8,4,109685548,Tidak Default
CUST001721,44,Laki-laki,SMA,Freelancer,11396475,167793011,60,Renovasi Rumah,680,3,0.74,6,381057179,Default
CUST001722,49,Perempuan,SMA,Karyawan Kontrak,9834037,279010159,48,Konsumsi,833,3,0.56,9,,Default
CUST001723,42,Perempuan,S1,Wiraswasta,9020830,214676799,12,Renovasi Rumah,636,2,0.21,9,367581132,Tidak Default
CUST001724,43,Perempuan,S1,Karyawan Kontrak,22553098,140192222,24,Modal Usaha,672,5,0.44,0,35534490,Tidak Default
CUST001725,48,L@ki-l@ki,S2,Karyawan Kontrak,33394871,206960928,48,Modal Usaha,502,4,0.28,6,273471777,Tidak Default
CUST001726,61,Laki-laki,S1,PNS,6845632,264864970,24,Kendaraan,664,3,0.2,4,425251304,Tidak Default
CUST001727,41,Perempuan,SMA,PNS,24923190,143195400,24,Kendaraan,708,0,0.68,8,412028765,Tidak Default
CUST001728,48,Perempuan,S1,Karyawan Kontrak,16243977,64827775,48,Konsumsi,764,5,0.46,0,,Tidak Default
CUST001729,47,Perempuan,S2,Karyawan Tetap,41039032,210811240,24,Konsumsi,696,3,0.45,5,,Tidak Default
CUST001730,30,Laki-laki,S2,Wiraswasta,30788676,203923496,12,Renovasi Rumah,511,2,0.68,5,,Default
CUST001731,26,Laki-laki,D3,Karyawan Kontrak,39989605,246587892,60,Renovasi Rumah,575,3,0.47,5,345452505,Tidak Default
CUST001732,33,Laki-laki,S1,Karyawan Tetap,49407176,82286646,24,Modal Usaha,686,2,0.81,12,360757090,Tidak Default
CUST001733,52,Perempuan,D3,Karyawan Kontrak,30273388,52639908,36,Pendidikan,471,2,0.21,7,444469901,Default
CUST001734,28,Perempuan,SMA,Freelancer,11629977,8138159,60,Konsumsi,511,4,0.1,6,97338832,Tidak Default
CUST001735,49,Laki-laki,D3,Karyawan Tetap,39133402,82717056,36,Konsumsi,474,1,0.09,8,352683358,Default
CUST001736,63,laki-laki,,Freelancer,31996694,77197841,24,Konsumsi,820,2,0.08,0,261451530,Tidak Default
CUST001737,45,Perempuan,S1,Freelancer,31357547,16150006,48,Renovasi Rumah,305,1,0.28,2,274374804,Tidak Default
CUST001738,39,Laki-laki,SMA,Freelancer,43172798,259139543,12,Kendaraan,500,5,0.66,2,127150307,Default
CUST001739,29,Laki-laki,SMA,Karyawan Kontrak,20057607,73506155,12,Modal Usaha,702,4,0.63,10,64966838,Default
CUST001740,60,Perempuan,S2,PNS,19148260,132998613,60,Pendidikan,560,3,0.6,10,363406732,Tidak Default
CUST001741,42,Perempuan,D3,Karyawan Kontrak,8700960,18613320,60,Renovasi Rumah,463,1,0.23,10,130032957,Tidak Default
CUST001742,64,Perempuan,SMA,Wiraswasta,19244206,194138423,48,Modal Usaha,519,5,0.48,,306078352,Default
CUST001743,29,Perempuan,SMA,Karyawan Kontrak,16681037,188116952,48,Pendidikan,751,2,0.5,11,,Tidak Default
CUST001744,58,Laki-laki,D3,Karyawan Kontrak,49258077,65491881,48,Pendidikan,758,1,0.63,4,438762213,Tidak Default
CUST001745,50,Laki-laki,S2,Wiraswasta,23229730,118376874,24,Pendidikan,358,5,0.39,12,83730980,Default
CUST001746,45,Perempuan,S1,Wiraswasta,38248327,21277210,60,Renovasi Rumah,517,5,0.39,1,295289729,Tidak Default
CUST001747,61,Perempuan,S1,PNS,4348040,209541476,12,Modal Usaha,518,4,0.24,5,44324656,Tidak Default
CUST001748,56,Laki-laki,SMA,Wiraswasta,44371224,27427805,36,Pendidikan,777,5,0.75,1,453171848,Tidak Default
CUST001749,43,Laki-laki,D3,Karyawan Tetap,27344485,214285001,60,Pendidikan,829,4,0.63,3,464613863,Tidak Default
CUST001750,63,Perempuan,S1,Freelancer,28170065,209299764,60,Renovasi Rumah,472,1,0.86,11,75262410,Default
CUST001751,29,Laki-laki,S2,Karyawan Tetap,27079902,152497117,12,Konsumsi,415,1,0.58,5,295562316,Default
CUST001752,40,Perempuan,S2,Wiraswasta,26089367,191871465,36,Konsumsi,552,0,0.83,1,,Tidak Default
CUST001753,25,Laki-laki,SMA,Karyawan Kontrak,30909225,182679432,24,Renovasi Rumah,-444,3,0.29,11,200833104,Default
CUST001754,44,laki-laki,S1,Karyawan Kontrak,34988417,80817099,36,Konsumsi,334,0,0.39,5,104880886,Default
CUST001755,53,Laki-laki,SMA,Freelancer,46712890,189247381,60,Pendidikan,,1,0.21,,376085002,Tidak Default
CUST001756,29,Perempuan,D3,Wiraswasta,30488589,220381728,48,Pendidikan,633,1,0.56,6,463638941,Tidak Default
CUST001757,47,Perempuan,S1,PNS,41130095,76773043,12,Kendaraan,371,4,0.36,1,166416694,Default
CUST001758,41,Perempuan,SMA,Freelancer,48629215,58869562,48,Konsumsi,378,3,0.11,5,164174361,Default
CUST001759,,Laki-laki,SMA,Freelancer,38125920,123059222,36,Kendaraan,663,1,0.11,5,11368232,Tidak Default
CUST001760,43,Laki-laki,S2,Karyawan Tetap,7572901,269541597,12,Renovasi Rumah,773,4,0.26,6,421099734,Tidak Default
CUST001761,46,Perempuan,SMA,Wiraswasta,32731104,51234348,48,Kendaraan,642,2,0.41,12,98666274,Default
CUST001762,46,,S1,PNS,25968265,272061228,12,Konsumsi,774,4,0.16,1,29932664,Tidak Default
CUST001763,25,Laki-laki,SMA,Karyawan Kontrak,45783731,8652740,48,Konsumsi,436,2,0.82,6,78707092,Default
CUST001764,50,Laki-laki,D3,Freelancer,47480026,47522663,48,Pendidikan,345,0,0.56,11,129243244,Tidak Default
CUST001765,64,Perempuan,SMA,Karyawan Kontrak,4550802,163042742,60,Kendaraan,722,4,0.25,8,,Default
CUST001766,41,Laki-laki,S2,Wiraswasta,43119256,139742316,60,Kendaraan,578,3,0.24,8,,Tidak Default
CUST001767,62,Perempuan,D3,Karyawan Kontrak,13435297,218362321,36,Kendaraan,659,2,0.68,9,129102161,Tidak Default
CUST001768,38,Laki-laki,SMA,Karyawan Tetap,47309354,96124937,60,Renovasi Rumah,795,5,0.36,2,16498181,Tidak Default
CUST001769,58,Laki-laki,D3,Karyawan Kontrak,21821241,285924846,48,Kendaraan,414,4,,,390786016,Default
CUST001770,56,Laki-laki,SMA,Wiraswasta,38516172,271483267,12,Modal Usaha,430,4,0.15,7,4523599,Default
CUST001771,24,Laki-laki,S2,PNS,37194295,20717466,24,Pendidikan,,1,0.23,11,,Default
CUST001772,57,Perempuan,S2,Wiraswasta,44127042,169908258,60,Renovasi Rumah,308,3,0.75,4,332257601,Tidak Default
CUST001773,26,,S2,Karyawan Tetap,41910936,22250133,48,Modal Usaha,761,4,0.52,6,21443349,Tidak Default
CUST001774,58,Laki-laki,S2,Freelancer,34184498,230717424,48,Konsumsi,527,1,0.34,8,,Tidak Default
CUST001775,63,Perempuan,D3,Freelancer,9373927,270026796,24,Kendaraan,519,0,0.21,0,435559024,Tidak Default
CUST001776,40,Laki-laki,SMA,PNS,49306381,281907911,60,Modal Usaha,518,0,0.21,0,331568641,Tidak Default
CUST001777,49,Laki-laki,S2,PNS,39790259,253746295,48,Konsumsi,,5,0.51,5,,Tidak Default
CUST001778,56,Perempuan,S2,Freelancer,4343878,135692591,24,Konsumsi,333,1,0.68,4,,Default
CUST001779,47,Laki-laki,SMA,PNS,34691722,88705984,60,Kendaraan,327,3,0.18,3,79275481,Default
CUST001780,22,Laki-laki,S1,Karyawan Tetap,31786101,265734510,48,Konsumsi,590,1,0.3,1,352279276,Tidak Default
CUST001781,,Laki-laki,SMA,,13072854,239099578,48,Renovasi Rumah,394,2,0.57,3,497856872,Default
CUST001782,39,Laki-laki,D3,Wiraswasta,12662786,96421069,36,Kendaraan,530,3,0.27,10,84371578,Default
CUST001783,49,Perempuan,SMA,Karyawan Kontrak,10055154,239212412,24,Modal Usaha,391,3,0.45,6,60827262,Default
CUST001784,32,Laki-laki,S2,PNS,5657271,43421631,48,Renovasi Rumah,727,1,0.71,7,216738488,Default
CUST001785,33,Perempuan,S1,Karyawan Tetap,36412427,27963334,48,Konsumsi,349,3,0.29,9,411792036,Default
CUST001786,34,Perempuan,D3,Karyawan Kontrak,19478973,26095650,24,Konsumsi,842,4,0.16,2,400214675,Tidak Default
CUST001787,52,Laki-laki,SMA,PNS,40674780,45090729,24,Renovasi Rumah,762,0,0.35,8,320848916,Tidak Default
CUST001788,55,Perempuan,D3,Karyawan Tetap,41215539,166916612,48,Konsumsi,568,4,0.72,1,9522929,Default
CUST001789,55,Laki-laki,S2,Freelancer,25767933,186536157,36,Renovasi Rumah,693,5,0.69,1,,Tidak Default
CUST001790,59,PEREMPUAN,,Freelancer,29764651,88141054,36,Pendidikan,477,5,0.25,5,85246309,Tidak Default
CUST001791,61,Perempuan,S2,Freelancer,11119671,116262941,60,Modal Usaha,837,3,0.45,5,247655330,Tidak Default
CUST001792,27,Laki-laki,D3,Karyawan Tetap,31463707,153164291,48,Renovasi Rumah,721,3,0.79,1,406586596,Default
CUST001793,34,Laki-laki,SMA,PNS,9564979,47339344,60,Renovasi Rumah,717,4,,8,224302911,Default
CUST001794,,Perempuan,SMA,Freelancer,41724319,120316305,48,Modal Usaha,559,4,0.74,5,108878795,Default
CUST001795,64,,D3,,5974977,242175341,12,Renovasi Rumah,336,2,0.26,11,378623659,Tidak Default
CUST001796,43,Perempuan,S2,PNS,11966350,72380344,36,Kendaraan,829,3,0.23,7,485049528,Tidak Default
CUST001797,25,Perempuan,D3,PNS,9980168,50284363,60,Modal Usaha,354,2,0.77,,229094265,Default
CUST001798,35,Perempuan,D3,Wiraswasta,,229350684,48,Pendidikan,767,0,0.45,12,263295323,Tidak Default
CUST001799,26,Laki-laki,S2,PNS,27035808,140973893,60,Modal Usaha,315,2,0.28,5,346251044,Tidak Default
CUST001800,34,Perempuan,S2,Karyawan Kontrak,29179717,66476039,12,Kendaraan,824,2,,8,231390431,Tidak Default
CUST001801,43,Perempuan,S1,Karyawan Kontrak,30732224,127435511,12,Modal Usaha,795,4,0.69,5,318305167,Tidak Default
CUST001802,33,Perempuan,D3,Karyawan Kontrak,42692912,273084482,48,Pendidikan,437,5,0.64,11,215543153,Default
CUST001803,27,Laki-laki,D3,Wiraswasta,27300931,249158336,36,Modal Usaha,502,5,0.72,0,419298974,Default
CUST001804,38,Perempuan,D3,,19921542,278990398,60,Modal Usaha,352,0,0.55,4,354753800,Tidak Default
CUST001805,39,Perempuan,SMA,Freelancer,17176081,272310821,60,Konsumsi,343,0,0.4,11,390736779,Default
CUST001806,37,Perempuan,S1,PNS,36400463,119056674,24,Pendidikan,452,4,0.53,,142063342,Tidak Default
CUST001807,23,Perempuan,S1,Karyawan Tetap,7626335,138077787,12,Konsumsi,732,5,,5,,Default
CUST001808,56,Laki-laki,D3,,4430954,152637087,12,Modal Usaha,363,5,0.72,0,102808034,Default
CUST001809,35,Laki-laki,SMA,Karyawan Kontrak,23852830,222857426,36,Renovasi Rumah,596,5,0.3,6,437433308,Default
CUST001810,63,Laki-laki,D3,Wiraswasta,12218063,237224213,60,Pendidikan,556,1,0.25,5,,Default
CUST001811,49,Perempuan,D3,PNS,25456526,101614121,36,Kendaraan,526,3,0.68,9,448086987,Default
CUST001812,46,Laki-laki,SMA,Karyawan Kontrak,34379935,235692662,36,Renovasi Rumah,412,3,0.65,1,188838903,Default
CUST001813,26,Perempuan,S1,Karyawan Tetap,33427030,213929045,12,Renovasi Rumah,438,0,0.29,8,,Tidak Default
CUST001814,42,Perempuan,SMA,Karyawan Tetap,17669981,111441898,36,Modal Usaha,396,0,0.86,5,86015989,Default
CUST001815,51,Laki-laki,SMA,Karyawan Kontrak,46330544,142123578,12,Renovasi Rumah,390,3,0.4,7,74113875,Default
CUST001816,22,Laki-laki,D3,Wiraswasta,17192563,97108868,48,Konsumsi,789,1,0.25,10,478744667,Tidak Default
CUST001817,36,Laki-laki,S2,Wiraswasta,20361615,181406963,36,Renovasi Rumah,767,4,0.43,,375369593,Tidak Default
CUST001818,53,Laki-laki,SMA,Karyawan Kontrak,28296412,27699155,12,Modal Usaha,484,2,0.64,4,69750338,Tidak Default
CUST001819,22,Perempuan,D3,Karyawan Kontrak,26292472,187558233,36,Renovasi Rumah,765,5,0.25,11,194069999,Default
CUST001820,58,Perempuan,SMA,PNS,11891685,99951418,36,Kendaraan,681,4,0.12,6,,Tidak Default
CUST001821,55,Perempuan,S1,Karyawan Tetap,3076504,111608078,36,Pendidikan,726,5,,7,127779203,Tidak Default
CUST001822,25,Laki-laki,SMA,PNS,13655296,78414471,36,Modal Usaha,644,1,0.82,8,24168521,Tidak Default
CUST001823,43,Laki-laki,S1,Karyawan Kontrak,,53952097,24,Modal Usaha,508,5,0.59,7,51305971,Default
CUST001824,32,,S1,PNS,36879766,270039584,36,Renovasi Rumah,820,2,0.22,6,265738081,Default
CUST001825,26,Laki-laki,S2,Freelancer,4077603,190734665,36,Konsumsi,531,1,0.36,10,313772273,Default
CUST001826,41,Perempuan,S1,Wiraswasta,38348674,89922071,24,Konsumsi,714,5,0.69,9,433130612,Tidak Default
CUST001827,49,Laki-laki,D3,Freelancer,16582509,214166126,24,Konsumsi,472,1,0.34,8,110934799,Tidak Default
CUST001828,40,Perempuan,SMA,Freelancer,20183086,252483472,24,Renovasi Rumah,518,4,0.4,10,232306163,Default
CUST001829,53,Laki-laki,S1,Karyawan Tetap,12369672,294275631,12,Modal Usaha,591,5,0.17,8,404302768,Tidak Default
CUST001830,22,Laki-laki,S2,Karyawan Tetap,44787061,119106662,48,Kendaraan,772,5,0.46,6,74414033,Tidak Default
CUST001831,28,Laki-laki,SMA,Karyawan Tetap,6186138,131963965,24,Konsumsi,586,2,0.14,5,370987820,Tidak Default
CUST001832,33,Perempuan,S1,Wiraswasta,14710191,168001066,48,Pendidikan,841,2,0.31,5,16004935,Tidak Default
CUST001833,52,Perempuan,S1,Wiraswasta,13880314,167402891,12,Modal Usaha,492,4,0.52,11,422065948,Default
CUST001834,29,Laki-laki,D3,Freelancer,17274433,251960069,12,Konsumsi,767,2,0.79,12,323357588,Tidak Default
CUST001835,38,Perempuan,SMA,Wiraswasta,36939091,293247690,12,Kendaraan,382,0,0.3,6,353904470,Default
CUST001836,59,Perempuan,D3,Karyawan Kontrak,13997889,203070624,36,Renovasi Rumah,674,1,0.89,12,355059365,Default
CUST001837,26,Laki-laki,D3,Freelancer,24010229,151044854,12,Konsumsi,,1,0.21,7,,Default
CUST001838,61,Perempuan,D3,Karyawan Tetap,18565840,190816747,24,Konsumsi,347,0,0.44,8,171688747,Default
CUST001839,58,Laki-laki,D3,Karyawan Tetap,15576848,196036720,24,Kendaraan,677,4,0.43,,215885859,Tidak Default
CUST001840,43,,S1,Freelancer,33899658,85252968,24,Modal Usaha,518,3,0.64,4,397321802,Tidak Default
CUST001841,45,Perempuan,S1,Karyawan Kontrak,14912302,269813764,48,Renovasi Rumah,556,4,0.2,7,346291704,Tidak Default
CUST001842,59,Perempuan,D3,Karyawan Kontrak,47672330,83636377,36,Modal Usaha,,2,0.12,8,206644926,Tidak Default
CUST001843,32,Laki-laki,S2,Karyawan Tetap,49682536,52681167,48,Pendidikan,698,4,0.7,4,31327913,Tidak Default
CUST001844,58,Laki-laki,S2,Freelancer,12227204,116155469,48,Renovasi Rumah,468,3,0.52,3,454565003,Tidak Default
CUST001845,63,Perempuan,SMA,Wiraswasta,31595280,91604168,12,Kendaraan,568,0,0.06,3,391025812,Tidak Default
CUST001846,31,Laki-laki,D3,Karyawan Tetap,11099497,109339657,60,Kendaraan,520,4,0.67,10,45127252,Default
CUST001847,50,Perempuan,D3,,24508365,79286541,60,Konsumsi,490,3,0.69,2,490226093,Tidak Default
CUST001848,37,Laki-laki,,Karyawan Tetap,49054808,35724342,24,Renovasi Rumah,730,2,0.74,,72784606,Tidak Default
CUST001849,59,Laki-laki,S1,Wiraswasta,33321638,229047340,60,Modal Usaha,339,1,0.89,3,297953614,Default
CUST001850,55,Laki-laki,S1,PNS,21015401,63948837,60,Pendidikan,344,2,0.2,1,,Tidak Default
CUST001851,38,Laki-laki,S1,Karyawan Kontrak,32795404,277875093,36,Pendidikan,535,0,0.2,8,448900054,Tidak Default
CUST001852,62,Laki-laki,S1,Karyawan Kontrak,35802037,34352309,36,Konsumsi,545,5,0.72,5,12681808,Tidak Default
CUST001853,44,Perempuan,S1,Freelancer,46666242,281110514,24,Pendidikan,348,0,0.54,11,57305634,Default
CUST001854,59,Laki-laki,S1,Freelancer,41297313,152815221,24,Kendaraan,677,2,0.24,6,299907717,Tidak Default
CUST001855,33,Laki-laki,S2,PNS,40908402,130047151,60,Modal Usaha,816,4,0.75,3,487423352,Default
CUST001856,22,Perempuan,S2,Wiraswasta,9778689,28967369,12,Renovasi Rumah,840,2,0.32,8,249962319,Tidak Default
CUST001857,53,Perempuan,D3,PNS,40883898,111068016,12,Renovasi Rumah,333,4,,9,,Default
CUST001858,41,Laki-laki,,Karyawan Kontrak,28623232,118826526,12,Pendidikan,814,5,,9,345251816,Default
CUST001859,46,Laki-laki,SMA,Freelancer,20542902,69932267,48,Kendaraan,649,4,0.4,4,360707296,Tidak Default
CUST001860,22,Laki-laki,D3,PNS,8357103,36256777,48,Kendaraan,593,3,0.73,11,382064326,Default
CUST001861,59,Laki-laki,D3,PNS,8726233,116817865,60,Konsumsi,828,3,0.61,8,278812543,Default
CUST001862,63,Laki-laki,S2,Karyawan Tetap,42585099,136182259,60,Modal Usaha,580,4,0.46,7,23788598,Tidak Default
CUST001863,59,Laki-laki,S2,Karyawan Kontrak,26883898,246445283,48,Konsumsi,543,4,0.1,0,145089439,Tidak Default
CUST001864,24,Perempuan,S2,PNS,42055726,78746038,60,Kendaraan,558,3,0.36,0,249678988,Tidak Default
CUST001865,57,Perempuan,S1,Karyawan Kontrak,7141033,77315521,12,Kendaraan,320,0,0.82,2,59085069,Default
CUST001866,56,Perempuan,S1,Karyawan Tetap,26165145,286218718,12,Pendidikan,380,1,0.87,5,422568630,Default
CUST001867,57,Perempuan,D3,Karyawan Kontrak,25509660,106255942,48,Konsumsi,817,2,0.36,0,377197041,Tidak Default
CUST001868,44,Perempuan,S1,PNS,11758742,150810483,24,Konsumsi,334,0,0.49,12,146604663,Tidak Default
CUST001869,57,Laki-laki,SMA,Karyawan Tetap,43066920,42269900,48,Kendaraan,,4,0.61,4,197502189,Tidak Default
CUST001870,41,Laki-laki,D3,,13208713,280907472,48,Kendaraan,813,1,0.16,3,347272422,Tidak Default
CUST001871,42,Laki-laki,SMA,Karyawan Kontrak,27948468,77987873,60,Pendidikan,823,0,0.65,5,42083420,Tidak Default
CUST001872,34,Laki-laki,S2,Wiraswasta,42831481,243413967,36,Pendidikan,389,2,0.05,8,71425251,Default
CUST001873,61,Perempu@n,SMA,Freelancer,29885225,159101668,12,Modal Usaha,330,0,0.5,,333982849,Tidak Default
CUST001874,32,Laki-laki,S2,Freelancer,23838427,24956565,48,Kendaraan,818,2,0.63,9,160962956,Default
CUST001875,24,Laki-laki,SMA,Karyawan Tetap,32472912,201094018,48,Kendaraan,788,5,0.51,5,253410109,Tidak Default
CUST001876,,Laki-laki,S2,Karyawan Tetap,24297489,150268640,36,Pendidikan,388,1,0.08,5,100282932,Tidak Default
CUST001877,27,Laki-laki,S1,Karyawan Kontrak,23945427,176956826,36,Renovasi Rumah,801,1,0.61,5,202479712,Tidak Default
CUST001878,33,Laki-laki,S2,Karyawan Tetap,31115778,243273144,48,Kendaraan,579,2,0.26,11,140598064,Tidak Default
CUST001879,34,Laki-laki,S1,PNS,42331829,47213721,60,Kendaraan,681,2,0.73,0,395397587,Tidak Default
CUST001880,56,Laki-laki,SMA,Wiraswasta,35585838,212504714,48,Renovasi Rumah,834,3,0.58,10,298686120,Tidak Default
CUST001881,41,Perempuan,S1,,16394488,152276086,48,Pendidikan,564,0,0.79,7,471290402,Tidak Default
CUST001882,,Laki-laki,SMA,Karyawan Tetap,39747707,149674616,12,Kendaraan,577,2,,9,,Default
CUST001883,42,Laki-laki,S2,,9462906,201573170,60,Pendidikan,464,1,0.12,8,207478917,Tidak Default
CUST001884,58,Laki-laki,D3,PNS,23253297,41399437,60,Modal Usaha,480,2,0.6,2,179091084,Tidak Default
CUST001885,38,Laki-laki,S2,Wiraswasta,28936071,78849282,24,Kendaraan,427,0,0.7,10,475883518,Default
CUST001886,47,Laki-laki,S1,Freelancer,17034383,11683198,12,Renovasi Rumah,340,2,0.26,9,327749736,Default
CUST001887,50,Perempuan,SMA,Karyawan Kontrak,49252792,52930038,24,Renovasi Rumah,412,3,0.7,6,54851794,Tidak Default
CUST001888,64,Perempuan,S2,Freelancer,43800701,288918302,24,Pendidikan,850,5,0.43,6,361266881,Tidak Default
CUST001889,35,Perempuan,D3,PNS,40198048,8553838,24,Pendidikan,601,4,0.32,7,,Default
CUST001890,51,Perempuan,S1,Karyawan Kontrak,22021081,45684337,24,Konsumsi,426,4,0.48,1,124580032,Default
CUST001891,57,Laki-laki,S2,PNS,13563232,180731630,48,Konsumsi,461,4,0.34,7,316699260,Default
CUST001892,45,Perempuan,S2,Freelancer,5916257,238725394,24,Konsumsi,394,2,0.56,1,252592945,Default
CUST001893,34,Perempuan,S1,PNS,37983012,130940799,36,Pendidikan,580,3,0.25,2,,Tidak Default
CUST001894,49,Perempuan,D3,,41530068,152357759,60,Renovasi Rumah,775,0,0.81,8,18439330,Default
CUST001895,43,Laki-laki,SMA,PNS,43260395,167657081,12,Modal Usaha,764,2,0.88,0,82842802,Default
CUST001896,53,Laki-laki,D3,Wiraswasta,48132661,128351600,60,Kendaraan,782,1,0.59,11,,Tidak Default
CUST001897,53,Perempuan,S1,Wiraswasta,26184329,223582385,24,Renovasi Rumah,321,3,,4,37845829,Default
CUST001898,30,Perempuan,SMA,Karyawan Kontrak,26077563,66917246,12,Renovasi Rumah,725,4,0.76,10,303784395,Tidak Default
CUST001899,52,Laki-laki,S2,Wiraswasta,47347781,235809986,12,Renovasi Rumah,609,4,0.71,9,89923502,Tidak Default
CUST001900,33,Laki-laki,D3,Wiraswasta,47004193,235564576,36,Konsumsi,603,2,0.1,3,470941279,Tidak Default
CUST001901,31,Laki-laki,SMA,Wiraswasta,3392449,52133523,36,Modal Usaha,453,5,0.56,0,350761418,Tidak Default
CUST001902,36,Perempuan,S2,Freelancer,6525186,40673530,12,Renovasi Rumah,764,0,0.14,4,330066516,Tidak Default
CUST001903,46,Perempuan,D3,Wiraswasta,7394560,72372926,12,Kendaraan,542,0,0.8,11,482591201,Default
CUST001904,60,Laki-laki,S2,Wiraswasta,32695513,103553722,12,Renovasi Rumah,454,3,0.28,2,387183474,Tidak Default
CUST001905,62,Laki-laki,S1,Wiraswasta,3674483,85216325,36,Renovasi Rumah,740,5,0.64,5,183285001,Tidak Default
CUST001906,64,Perempuan,SMA,Karyawan Tetap,48067357,86857347,60,Pendidikan,733,2,0.2,4,,Tidak Default
CUST001907,29,Laki-laki,D3,PNS,13413286,88526089,24,Pendidikan,351,4,0.2,9,98925395,Default
CUST001908,31,Laki-laki,S2,Wiraswasta,30883109,90991883,12,Kendaraan,305,3,0.22,3,406638929,Tidak Default
CUST001909,47,Laki-laki,,Wiraswasta,15428545,258819958,60,Pendidikan,592,2,0.79,2,265479384,Default
CUST001910,48,Perempuan,S1,PNS,38467199,170373961,12,Kendaraan,599,2,0.59,9,462777362,Tidak Default
CUST001911,37,Laki-laki,SMA,PNS,15606269,180366674,36,Kendaraan,656,0,0.31,12,28499027,Tidak Default
CUST001912,25,Laki-laki,D3,Karyawan Kontrak,19104177,43715673,36,Konsumsi,623,3,0.89,3,216537024,Default
CUST001913,50,Perempuan,SMA,PNS,33683246,290711133,48,Renovasi Rumah,600,0,0.59,3,164475209,Default
CUST001914,37,Laki-laki,SMA,Wiraswasta,9604669,283747209,12,Modal Usaha,613,4,,11,,Tidak Default
CUST001915,50,Laki-laki,SMA,Freelancer,38681971,132796665,48,Renovasi Rumah,626,5,0.12,10,22625248,Default
CUST001916,30,Laki-laki,D3,Wiraswasta,41067950,260394560,60,Renovasi Rumah,572,3,0.78,12,57630134,Default
CUST001917,61,Laki-laki,S2,PNS,35100638,257839951,24,Konsumsi,583,3,0.36,10,,Tidak Default
CUST001918,51,Laki-laki,S2,PNS,4987670,259874671,12,Pendidikan,816,2,0.81,6,422068021,Tidak Default
CUST001919,51,Laki-laki,S2,PNS,18897620,80584533,12,Kendaraan,549,4,0.79,11,,Default
CUST001920,52,Perempuan,SMA,Karyawan Tetap,18370540,188171597,48,Konsumsi,618,0,0.5,6,475945947,Tidak Default
CUST001921,56,Perempuan,S2,PNS,26051365,14009862,36,Kendaraan,803,5,0.8,9,18453619,Tidak Default
CUST001922,35,Perempuan,S2,Karyawan Tetap,27394045,284919119,48,Modal Usaha,394,5,0.38,8,233144782,Tidak Default
CUST001923,47,Perempuan,D3,PNS,30352675,74736904,60,Modal Usaha,671,5,0.43,12,80782878,Tidak Default
CUST001924,23,Perempuan,D3,Karyawan Tetap,31468627,188970526,48,Konsumsi,527,0,0.48,10,153864968,Tidak Default
CUST001925,46,Perempuan,D3,Wiraswasta,21365583,48444995,48,Kendaraan,412,1,0.44,12,253998432,Tidak Default
CUST001926,60,Perempuan,SMA,Wiraswasta,35121090,235318409,12,Pendidikan,496,0,0.05,10,259674974,Default
CUST001927,22,Laki-laki,S2,Karyawan Kontrak,37596599,37975974,12,Kendaraan,651,4,0.57,1,266197248,Tidak Default
CUST001928,28,Laki-laki,S1,PNS,7477207,137033183,48,Modal Usaha,,4,0.83,9,,Tidak Default
CUST001929,62,Perempuan,S2,Wiraswasta,48886517,101564901,12,Kendaraan,460,0,0.44,3,361347068,Tidak Default
CUST001930,57,Perempuan,S2,Karyawan Kontrak,28795005,169422454,36,Pendidikan,418,0,0.14,8,362755426,Default
CUST001931,36,Perempuan,D3,Karyawan Kontrak,18878450,128249464,60,Modal Usaha,370,0,0.41,4,167081075,Default
CUST001932,55,Perempuan,S1,Freelancer,23981843,179512101,24,Konsumsi,380,4,0.39,10,,Default
CUST001933,54,Perempuan,S2,Karyawan Tetap,23990350,242680544,24,Konsumsi,316,0,0.47,10,41176862,Tidak Default
CUST001934,64,Laki-laki,S2,Freelancer,15051056,102230786,24,Pendidikan,511,5,0.36,3,356530431,Default
CUST001935,23,Laki-laki,D3,Wiraswasta,5898619,255075921,24,Renovasi Rumah,309,2,0.37,4,117184920,Default
CUST001936,61,Perempuan,D3,Wiraswasta,42378326,142437252,60,Modal Usaha,457,2,0.83,8,318586268,Default
CUST001937,59,Laki-laki,D3,Wiraswasta,41929515,205987996,60,Modal Usaha,584,4,0.68,3,379991161,Tidak Default
CUST001938,60,Perempuan,S1,Wiraswasta,44317010,87750509,36,Konsumsi,623,2,0.75,5,328970160,Tidak Default
CUST001939,26,Laki-laki,S1,Wiraswasta,14618871,127369827,48,Modal Usaha,514,1,0.46,1,210557687,Tidak Default
CUST001940,47,Laki-laki,SMA,Wiraswasta,8844097,238963455,36,Konsumsi,583,3,0.69,5,,Tidak Default
CUST001941,,Laki-laki,D3,Freelancer,3431406,103039512,48,Renovasi Rumah,475,0,0.3,6,,Tidak Default
CUST001942,48,Laki-laki,SMA,Wiraswasta,46956413,67028294,12,Konsumsi,473,3,0.36,8,245004825,Default
CUST001943,44,Perempuan,S1,Karyawan Kontrak,20081840,97442796,36,Konsumsi,630,2,0.28,3,148690273,Tidak Default
CUST001944,27,Laki-laki,S1,Karyawan Kontrak,10460946,171345965,12,Modal Usaha,814,2,0.62,8,62439494,Default
CUST001945,25,Perempuan,SMA,Karyawan Kontrak,32316308,73627446,24,Konsumsi,563,2,0.8,7,201813730,Default
CUST001946,47,Perempuan,SMA,Karyawan Tetap,43220332,125713517,12,Kendaraan,759,1,0.21,2,407774148,Default
CUST001947,58,Perempuan,S1,Karyawan Kontrak,21151094,113222256,24,Modal Usaha,670,2,0.48,6,17262368,Tidak Default
CUST001948,61,Perempuan,S1,PNS,38114412,69203918,24,Konsumsi,517,1,0.79,3,105419591,Default
CUST001949,22,Laki-laki,SMA,Freelancer,36473570,93975912,36,Pendidikan,429,2,0.88,1,323004418,Default
CUST001950,65,Perempuan,S2,PNS,10248255,139873992,12,Kendaraan,N/A,5,0.13,1,31986466,Tidak Default
CUST001951,55,,D3,Freelancer,44894782,50473932,36,Konsumsi,661,4,0.28,6,326210763,Default
CUST001952,65,Laki-laki,,PNS,21201894,16229042,12,Pendidikan,379,1,0.13,2,102960354,Tidak Default
CUST001953,41,,S2,Karyawan Kontrak,23095857,200280117,12,Renovasi Rumah,360,2,0.59,2,248806639,Tidak Default
CUST001954,64,Laki-laki,,Karyawan Tetap,30430922,156454578,60,Konsumsi,789,5,0.14,4,489596782,Tidak Default
CUST001955,40,Laki-laki,SMA,Freelancer,30522450,105187828,48,Konsumsi,738,0,0.54,10,277365570,Default
CUST001956,56,Laki-laki,SMA,Freelancer,24958372,106272476,24,Pendidikan,571,5,0.22,12,141468094,Default
CUST001957,45,Laki-laki,SMA,Wiraswasta,33631510,81626855,48,Modal Usaha,602,4,0.87,9,444442488,Default
CUST001958,29,Laki-laki,SMA,Karyawan Kontrak,20028653,203687834,36,Modal Usaha,541,2,0.66,5,129960046,Default
CUST001959,36,Perempuan,D3,Karyawan Kontrak,,246943036,36,Renovasi Rumah,456,1,0.6,2,148835556,Tidak Default
CUST001960,33,Laki-laki,S2,PNS,12555854,127220583,48,Renovasi Rumah,546,3,0.15,8,,Tidak Default
CUST001961,60,Perempuan,S2,Wiraswasta,10092290,166844719,12,Renovasi Rumah,788,4,0.68,0,354843458,Tidak Default
CUST001962,57,Perempuan,SMA,Karyawan Kontrak,24870015,170499340,24,Pendidikan,412,5,0.09,7,95115362,Tidak Default
CUST001963,57,,S2,PNS,4075582,162766485,48,Modal Usaha,328,0,0.46,,441601147,Default
CUST001964,59,Perempuan,S1,Wiraswasta,43288987,26597287,12,Modal Usaha,351,2,0.48,11,,Default
CUST001965,,Laki-laki,S1,PNS,40079628,278749107,36,Renovasi Rumah,387,4,0.48,10,426802737,Default
CUST001966,22,Perempuan,SMA,Karyawan Kontrak,37576692,17524158,36,Renovasi Rumah,583,2,0.71,12,344544209,Tidak Default
CUST001967,40,Perempuan,S1,Karyawan Kontrak,12347639,258823981,36,Kendaraan,669,2,0.51,8,283859922,Default
CUST001968,64,Laki-laki,SMA,Karyawan Tetap,33034825,78142952,60,Modal Usaha,653,2,,10,89218639,Default
CUST001969,34,Perempuan,S1,PNS,30044172,30937461,24,Renovasi Rumah,387,2,0.79,12,174586455,Tidak Default
CUST001970,41,Perempuan,SMA,PNS,35817667,134147989,60,Renovasi Rumah,790,3,0.32,0,390400304,Default
CUST001971,64,Perempuan,D3,Wiraswasta,13186476,152128711,36,Pendidikan,448,0,,8,106910512,Default
CUST001972,41,Laki-laki,S2,Karyawan Kontrak,20523368,278972674,12,Konsumsi,423,4,0.44,4,,Default
CUST001973,57,Perempuan,S1,PNS,24669316,133968759,12,Renovasi Rumah,706,1,0.13,3,140852613,Tidak Default
CUST001974,61,Perempuan,SMA,Karyawan Tetap,35391333,14507669,24,Renovasi Rumah,847,5,0.75,0,462460948,Tidak Default
CUST001975,29,Perempuan,SMA,Freelancer,27334098,212806750,48,Konsumsi,837,3,0.79,10,431103027,Default
CUST001976,30,Laki-laki,S1,PNS,30349365,177482376,36,Modal Usaha,306,2,0.77,11,67937728,Default
CUST001977,29,LAKI-LAKI,D3,Karyawan Tetap,36279662,149524955,36,Konsumsi,503,4,0.41,11,87870849,Default
CUST001978,36,Perempuan,SMA,PNS,29489817,259042278,24,Renovasi Rumah,833,0,0.67,11,478863887,Default
CUST001979,,Perempuan,D3,Wiraswasta,32767355,53655905,60,Modal Usaha,407,3,0.32,8,288179021,Tidak Default
CUST001980,61,Laki-laki,D3,PNS,25814055,17411274,12,Renovasi Rumah,646,3,0.63,,2530637,Tidak Default
CUST001981,60,Laki-laki,SMA,Wiraswasta,38813973,264858202,60,Modal Usaha,428,0,0.88,12,189834211,Default
CUST001982,28,,SMA,,26860162,259444189,24,Konsumsi,522,1,0.81,7,52232201,Default
CUST001983,23,Perempuan,SMA,Karyawan Kontrak,3989220,280626154,24,Pendidikan,462,0,0.34,4,,Tidak Default
CUST001984,65,Laki-laki,SMA,PNS,43892991,51350717,12,Renovasi Rumah,762,3,0.77,5,188194425,Tidak Default
CUST001985,28,Perempuan,S1,PNS,9790366,199740493,36,Renovasi Rumah,532,3,0.82,4,59594815,Default
CUST001986,62,Laki-laki,S2,Karyawan Tetap,17799731,20991468,48,Renovasi Rumah,826,1,0.67,12,396975483,Tidak Default
CUST001987,30,Perempuan,D3,Karyawan Kontrak,49340259,17187961,12,Pendidikan,388,3,0.23,2,158138981,Default
CUST001988,33,Laki-laki,S1,Karyawan Tetap,5895550,282013985,36,Renovasi Rumah,606,0,0.59,5,298038272,Tidak Default
CUST001989,24,Laki-laki,D3,Karyawan Tetap,31305614,39607023,24,Pendidikan,772,1,0.67,9,277192232,Tidak Default
CUST001990,28,Laki-laki,D3,PNS,36927225,268815135,36,Konsumsi,429,5,0.79,,55621580,Default
CUST001991,32,Laki-laki,S1,Freelancer,36988258,173620043,36,Kendaraan,,0,,12,118738435,Tidak Default
CUST001992,36,Perempuan,,Freelancer,37463494,251107697,12,Pendidikan,430,5,0.71,0,89190608,Default
CUST001993,55,Perempuan,S2,Karyawan Kontrak,22000580,287449087,60,Pendidikan,351,2,0.31,10,,Default
CUST001994,52,Perempuan,S2,Wiraswasta,32622263,66928075,12,Pendidikan,593,2,0.35,0,81092361,Default
CUST001995,47,Laki-laki,SMA,Wiraswasta,43847846,243599460,24,Modal Usaha,551,3,0.45,0,,Default
CUST001996,48,Laki-laki,SMA,Wiraswasta,28522347,231245720,12,Renovasi Rumah,604,3,0.56,1,360061748,Tidak Default
CUST001997,59,Laki-laki,D3,Karyawan Kontrak,44854192,8807014,12,Pendidikan,461,5,0.6,0,236067580,Default
CUST001998,34,Perempuan,SMA,PNS,,206490067,60,Konsumsi,837,3,0.3,,58877258,Tidak Default
CUST001999,41,Laki-laki,S1,Karyawan Kontrak,26987626,65604561,12,Kendaraan,400,1,0.79,7,362255901,Default
CUST002000,26,Laki-laki,SMA,Wiraswasta,32897356,216777441,24,Kendaraan,695,5,0.62,10,,Tidak Default
CUST002001,30,Perempuan,S1,PNS,38847881,20351070,48,Modal Usaha,559,4,0.14,3,130425201,Tidak Default
CUST002002,24,Laki-laki,S1,Karyawan Tetap,25062292,152419558,48,Renovasi Rumah,330,1,0.86,0,267350325,Default
CUST002003,54,Laki-laki,S1,Karyawan Tetap,3977421,231722547,36,Kendaraan,598,3,0.11,11,383283830,Default
CUST002004,,Laki-laki,S1,Karyawan Kontrak,9168965,218617081,48,Modal Usaha,838,2,,5,218733265,Tidak Default
CUST002005,64,Perempuan,S2,Karyawan Tetap,5032990,191865462,24,Kendaraan,521,4,0.63,10,104128345,Default
CUST002006,38,Laki-laki,SMA,Karyawan Kontrak,5456625,237928146,24,Kendaraan,512,3,0.45,12,497904962,Tidak Default
CUST002007,33,Laki-laki,D3,PNS,19830642,104043299,36,Renovasi Rumah,747,3,0.39,0,486642688,Tidak Default
CUST002008,34,Perempuan,S2,Wiraswasta,28248758,26991911,36,Renovasi Rumah,444,4,0.26,1,320634681,Default
CUST002009,65,Laki-laki,S1,Karyawan Tetap,44198926,215545713,12,Kendaraan,393,2,0.46,5,286858445,Tidak Default
CUST002010,60,Laki-laki,D3,PNS,41167031,199263157,36,Konsumsi,772,5,0.63,10,,Tidak Default
CUST002011,32,,S2,PNS,38345888,293953250,12,Pendidikan,818,0,0.83,12,370819075,Tidak Default
CUST002012,51,Laki-laki,D3,Freelancer,8836317,283780354,48,Pendidikan,553,1,0.81,11,5597720,Tidak Default
CUST002013,48,Perempuan,S1,Karyawan Tetap,31094334,240502585,24,Kendaraan,842,5,0.49,4,152443111,Default
CUST002014,28,Perempuan,,Karyawan Tetap,7894223,186560835,48,Renovasi Rumah,431,0,0.13,8,350695473,Default
CUST002015,58,Laki-laki,D3,Freelancer,12395848,260207577,60,Modal Usaha,758,5,0.84,3,348268645,Tidak Default
CUST002016,38,Laki-laki,SMA,Karyawan Kontrak,27437340,14889376,48,Kendaraan,573,1,0.4,9,350829043,Tidak Default
CUST002017,44,Perempuan,S2,Karyawan Kontrak,45219308,81685612,24,Renovasi Rumah,723,1,0.3,,78195315,Tidak Default
CUST002018,56,Perempuan,S1,,9684820,29353213,60,Modal Usaha,539,5,0.68,3,478430541,Tidak Default
CUST002019,50,Perempuan,S2,Karyawan Kontrak,,18247053,24,Konsumsi,540,2,0.11,0,333747641,Tidak Default
CUST002020,30,Laki-laki,D3,Karyawan Kontrak,13095859,83711334,12,Konsumsi,835,2,0.24,1,122244554,Tidak Default
CUST002021,51,Perempuan,SMA,Freelancer,8869265,129790469,60,Renovasi Rumah,380,5,0.16,0,,Tidak Default
CUST002022,36,Laki-laki,D3,PNS,20561371,11620436,36,Modal Usaha,405,4,0.21,4,,Default
CUST002023,32,Laki-laki,S2,,10154466,77096069,12,Pendidikan,,1,0.57,8,399564785,Default
CUST002024,45,Perempuan,S1,Karyawan Tetap,42831647,257181681,36,Renovasi Rumah,474,1,0.74,8,409205581,Default
CUST002025,54,Perempuan,S2,PNS,5510883,104232929,60,Kendaraan,398,5,0.74,1,262288284,Tidak Default
CUST002026,44,Laki-laki,S1,Wiraswasta,46131897,277226663,12,Pendidikan,522,2,0.37,8,249161919,Tidak Default
CUST002027,35,Laki-laki,S2,Karyawan Tetap,20398781,265972144,60,Pendidikan,356,3,0.9,8,78257368,Default
CUST002028,23,Laki-laki,S1,,9755493,13799997,48,Renovasi Rumah,505,4,0.19,8,,Tidak Default
CUST002029,61,Perempuan,S2,Karyawan Kontrak,24972606,66138092,48,Konsumsi,438,5,0.47,7,365291722,Tidak Default
CUST002030,28,Laki-laki,SMA,Karyawan Tetap,15300043,161635037,48,Konsumsi,642,0,0.89,12,,Tidak Default
CUST002031,65,Perempuan,SMA,Karyawan Tetap,29209469,125288664,60,Pendidikan,527,5,0.25,2,491979631,Default
CUST002032,32,Perempuan,S1,Freelancer,12754612,205884746,48,Pendidikan,598,3,0.6,11,,Tidak Default
CUST002033,29,Laki-laki,D3,Karyawan Tetap,43883770,227901357,36,Modal Usaha,465,4,0.19,9,66641887,Default
CUST002034,38,Perempuan,S1,Karyawan Tetap,47530100,187055774,24,Renovasi Rumah,440,5,,6,,Tidak Default
CUST002035,47,Perempuan,S2,Karyawan Tetap,38635258,78157098,12,Pendidikan,511,0,0.76,12,26473720,Default
CUST002036,44,Laki-laki,SMA,PNS,31039154,278933219,60,Renovasi Rumah,792,3,0.41,3,215404597,Tidak Default
CUST002037,30,Laki-laki,SMA,Karyawan Tetap,19640913,29006362,60,Kendaraan,763,0,0.16,3,22887000,Tidak Default
CUST002038,58,Laki-laki,,Karyawan Tetap,15291861,59033464,36,Modal Usaha,724,5,0.71,8,338234981,Default
CUST002039,32,Laki-laki,SMA,Karyawan Kontrak,12526433,28159350,12,Konsumsi,833,0,0.51,10,,Tidak Default
CUST002040,34,Laki-laki,S2,Karyawan Kontrak,20751995,155656401,60,Renovasi Rumah,641,0,0.46,12,291988257,Tidak Default
CUST002041,49,Perempuan,S1,Wiraswasta,40928041,88255273,36,Modal Usaha,743,4,0.27,8,78728962,Tidak Default
CUST002042,46,Perempuan,S2,Freelancer,9853924,295947045,12,Konsumsi,447,1,0.64,3,261598246,Default
CUST002043,31,Perempuan,S2,PNS,34381537,274812835,36,Pendidikan,641,4,0.37,10,,Tidak Default
CUST002044,61,Laki-laki,S1,Karyawan Kontrak,37898763,237507131,24,Kendaraan,655,0,0.67,6,263183794,Tidak Default
CUST002045,26,Perempuan,SMA,Freelancer,36195492,265973381,12,Modal Usaha,822,4,,4,117047346,Tidak Default
CUST002046,32,Perempuan,S1,Wiraswasta,36194224,157496569,48,Pendidikan,344,5,0.71,2,142595061,Default
CUST002047,56,Perempuan,S2,Freelancer,44988216,206317062,24,Konsumsi,503,1,,2,317037151,Tidak Default
CUST002048,45,Perempuan,S1,Karyawan Tetap,10398127,34958819,36,Modal Usaha,776,2,0.4,6,280813186,Tidak Default
CUST002049,63,Laki-laki,S2,PNS,10640733,29103048,12,Kendaraan,706,0,0.25,9,492943484,Default
CUST002050,28,Laki-laki,SMA,Wiraswasta,18635437,76915812,24,Pendidikan,,2,0.15,10,297361502,Tidak Default
CUST002051,52,Perempuan,D3,Wiraswasta,46688231,156374992,60,Konsumsi,642,0,0.67,9,407272165,Default
CUST002052,49,Perempuan,S1,Wiraswasta,5467572,211990493,60,Pendidikan,N/A,0,0.23,4,261076948,Tidak Default
CUST002053,49,Laki-laki,SMA,Karyawan Kontrak,33761902,73833034,24,Renovasi Rumah,686,2,0.88,12,383416447,Default
CUST002054,32,Laki-laki,S2,Freelancer,36944626,66434611,24,Modal Usaha,409,4,0.8,8,,Default
CUST002055,25,Perempuan,D3,Freelancer,23319640,97108512,24,Renovasi Rumah,512,2,0.11,1,432549395,Default
CUST002056,30,,D3,Karyawan Kontrak,42635095,93039697,36,Kendaraan,483,5,0.64,4,393144503,Tidak Default
CUST002057,52,Perempuan,S2,Wiraswasta,31143970,127071708,24,Konsumsi,605,5,0.89,0,,Tidak Default
CUST002058,44,Perempuan,S1,Karyawan Kontrak,28914846,78554381,60,Pendidikan,453,2,0.1,11,86829827,Default
CUST002059,60,Laki-laki,SMA,Wiraswasta,33503034,115505100,12,Konsumsi,632,3,0.51,1,312245905,Tidak Default
CUST002060,51,Laki-laki,S1,PNS,30041420,238886490,12,Renovasi Rumah,784,2,0.46,2,446718011,Tidak Default
CUST002061,30,Perempuan,SMA,Karyawan Kontrak,3603930,55115596,48,Pendidikan,337,4,0.45,7,367946816,Default
CUST002062,43,Perempuan,S2,PNS,16064032,19371621,12,Modal Usaha,393,0,0.62,1,73410682,Tidak Default
CUST002063,25,Perempuan,S2,Karyawan Kontrak,27832223,260232571,12,Konsumsi,837,5,0.49,0,135666053,Tidak Default
CUST002064,25,Laki-laki,SMA,PNS,4715800,273087228,24,Kendaraan,465,4,0.5,2,170761504,Tidak Default
CUST002065,44,,S1,Wiraswasta,26378268,100800525,12,Renovasi Rumah,769,5,0.76,3,475748480,Tidak Default
CUST002066,25,,S2,PNS,11727152,245422264,36,Pendidikan,688,0,0.73,6,298558248,Tidak Default
CUST002067,56,Perempuan,S1,PNS,,140059590,48,Renovasi Rumah,691,4,0.52,8,8466781,Tidak Default
CUST002068,65,Perempuan,S1,Karyawan Kontrak,47049981,21642848,12,Modal Usaha,793,0,0.83,8,449836761,Tidak Default
CUST002069,32,Laki-laki,D3,Karyawan Kontrak,48771503,220929987,36,Pendidikan,706,3,0.48,0,382140999,Tidak Default
CUST002070,31,Perempuan,S2,PNS,6440301,176032112,48,Modal Usaha,617,5,0.17,12,396806309,Tidak Default
CUST002071,61,Perempuan,D3,Karyawan Tetap,28878784,173136907,12,Konsumsi,513,1,0.54,1,,Tidak Default
CUST002072,35,Laki-laki,SMA,Karyawan Kontrak,36528553,27684586,48,Renovasi Rumah,321,3,0.71,1,56914027,Default
CUST002073,26,Laki-laki,SMA,PNS,45008262,242287834,36,Konsumsi,450,4,0.73,1,356766095,Tidak Default
CUST002074,47,Laki-laki,D3,Freelancer,6294228,220129264,48,Pendidikan,454,4,0.29,11,,Tidak Default
CUST002075,60,Laki-laki,D3,PNS,26262080,186384309,24,Modal Usaha,755,0,0.51,7,460185547,Tidak Default
CUST002076,42,Perempuan,S1,Freelancer,23245299,39369165,12,Pendidikan,388,0,0.19,2,,Tidak Default
CUST002077,55,Perempuan,,PNS,23159621,60416183,12,Konsumsi,541,0,0.39,1,,Tidak Default
CUST002078,36,Perempuan,D3,Freelancer,13910838,160756597,48,Renovasi Rumah,550,0,0.59,4,,Default
CUST002079,45,Laki-laki,SMA,Karyawan Kontrak,19735328,10197113,48,Modal Usaha,411,1,0.31,0,135396321,Default
CUST002080,48,Perempuan,D3,PNS,38735404,50447235,24,Pendidikan,N/A,1,0.16,2,227664739,Tidak Default
CUST002081,52,Perempuan,S1,Karyawan Tetap,11558010,175525238,12,Renovasi Rumah,329,2,0.11,2,236512752,Tidak Default
CUST002082,27,Perempuan,S2,PNS,37351084,278181819,12,Renovasi Rumah,600,0,0.54,7,311498891,Default
CUST002083,35,Perempuan,SMA,Karyawan Tetap,38561507,209743509,48,Modal Usaha,436,5,,1,480084013,Default
CUST002084,33,Laki-laki,S1,Freelancer,3724947,18896341,12,Kendaraan,841,4,0.71,5,469967888,Tidak Default
CUST002085,26,Perempuan,SMA,Karyawan Kontrak,35899066,34149190,60,Konsumsi,703,5,0.15,4,,Default
CUST002086,25,Perempuan,S1,Karyawan Tetap,46681688,74865174,60,Kendaraan,N/A,0,0.4,,317658929,Tidak Default
CUST002087,25,Perempuan,D3,Freelancer,31973935,62705036,60,Pendidikan,467,3,0.63,1,217674682,Tidak Default
CUST002088,53,Laki-laki,S2,Wiraswasta,8671982,292774643,60,Konsumsi,334,4,0.84,10,300058427,Default
CUST002089,45,Laki-laki,D3,Freelancer,24651954,60562424,36,Pendidikan,673,5,0.43,8,131243102,Tidak Default
CUST002090,56,Perempuan,SMA,Karyawan Tetap,11002005,263796317,24,Kendaraan,615,4,0.81,2,348664716,Tidak Default
CUST002091,27,Laki-laki,SMA,Karyawan Kontrak,24344803,35228174,12,Renovasi Rumah,494,3,0.17,12,185809049,Tidak Default
CUST002092,56,Perempuan,S2,Karyawan Kontrak,25434408,20713380,36,Konsumsi,310,4,0.75,8,408135016,Default
CUST002093,37,Laki-laki,S2,Wiraswasta,,58946462,36,Modal Usaha,364,5,0.35,11,462728029,Tidak Default
CUST002094,52,Perempuan,SMA,Wiraswasta,4395058,294122419,12,Kendaraan,321,4,0.41,7,336290255,Tidak Default
CUST002095,65,Laki-laki,D3,PNS,38874809,133903178,24,Modal Usaha,366,1,0.85,1,474948652,Default
CUST002096,35,Laki-laki,S2,Karyawan Kontrak,42628222,109034403,24,Renovasi Rumah,473,4,0.38,4,436501971,Default
CUST002097,45,,S2,Freelancer,35207442,224265663,12,Pendidikan,784,5,0.17,2,285732660,Tidak Default
CUST002098,60,Laki-laki,D3,Karyawan Kontrak,23323371,286315517,60,Renovasi Rumah,503,4,0.74,0,181026214,Tidak Default
CUST002099,32,Perempuan,S1,Karyawan Kontrak,9666257,152116493,12,Renovasi Rumah,476,1,0.37,11,12137992,Default
CUST002100,34,Perempuan,D3,Karyawan Kontrak,46609422,69385327,12,Kendaraan,782,5,0.77,9,420530548,Tidak Default
CUST002101,63,Perempuan,D3,Karyawan Kontrak,31820761,204933180,36,Kendaraan,-699,2,0.87,3,371195375,Tidak Default
CUST002102,47,Perempuan,S2,PNS,39886408,250262266,36,Modal Usaha,625,4,0.73,4,422637622,Tidak Default
CUST002103,35,Laki-laki,S2,Freelancer,5676720,204794849,24,Renovasi Rumah,468,0,0.11,10,63222019,Tidak Default
CUST002104,45,Laki-laki,SMA,Freelancer,34267290,65317825,60,Modal Usaha,665,3,0.44,4,382027976,Tidak Default
CUST002105,49,Perempuan,D3,Freelancer,48378059,58616829,36,Renovasi Rumah,313,2,0.86,0,292909945,Default
CUST002106,54,Perempuan,SMA,Freelancer,7217041,223726585,24,Renovasi Rumah,605,5,0.5,8,273039115,Tidak Default
CUST002107,47,Laki-laki,SMA,Karyawan Kontrak,25105465,66138983,24,Konsumsi,802,2,0.23,10,,Tidak Default
CUST002108,59,Perempuan,SMA,Karyawan Tetap,46635978,32701475,36,Pendidikan,652,5,0.38,12,,Tidak Default
CUST002109,61,Perempuan,SMA,Karyawan Tetap,36277324,114559588,48,Modal Usaha,796,0,0.33,9,,Tidak Default
CUST002110,59,Laki-laki,,PNS,26723370,100352993,12,Konsumsi,396,3,0.63,4,,Tidak Default
CUST002111,43,Perempuan,S1,Karyawan Tetap,41911132,144968720,48,Pendidikan,447,5,0.17,1,14835311,Default
CUST002112,44,Perempuan,D3,Wiraswasta,11732460,217715505,48,Kendaraan,606,2,0.56,0,,Tidak Default
CUST002113,62,Laki-laki,D3,Freelancer,9987398,144563068,24,Konsumsi,542,2,0.78,8,93235224,Default
CUST002114,44,Perempuan,D3,Karyawan Tetap,30448797,232349475,60,Konsumsi,534,3,0.18,11,489238162,Default
CUST002115,51,Laki-laki,D3,Wiraswasta,26221729,30762158,36,Pendidikan,484,2,0.79,0,828718,Tidak Default
CUST002116,42,Laki-laki,S2,Karyawan Tetap,33373201,106767831,36,Modal Usaha,637,0,0.29,7,417711183,Tidak Default
CUST002117,51,Laki-laki,S2,Karyawan Kontrak,39240110,142028232,48,Kendaraan,459,0,0.43,4,352981124,Default
CUST002118,48,Perempuan,SMA,Wiraswasta,48125340,286384987,12,Kendaraan,466,3,0.54,5,221468118,Tidak Default
CUST002119,59,Laki-laki,D3,PNS,25753977,236027186,24,Modal Usaha,573,1,0.1,6,245105254,Tidak Default
CUST002120,24,Laki-laki,SMA,PNS,5079072,225650619,24,Konsumsi,651,1,0.36,11,364382878,Tidak Default
CUST002121,40,Perempuan,D3,Karyawan Kontrak,29613549,111087471,60,Kendaraan,338,5,0.71,10,284142706,Default
CUST002122,27,Perempuan,SMA,PNS,34227368,71414020,60,Modal Usaha,592,1,,11,296299677,Tidak Default
CUST002123,61,Laki-laki,SMA,Freelancer,47891972,157448062,36,Kendaraan,,1,0.7,9,309571437,Tidak Default
CUST002124,62,Laki-laki,S2,PNS,,189582754,48,Renovasi Rumah,422,4,0.69,0,387733661,Default
CUST002125,36,Laki-laki,S2,Freelancer,8551432,80742820,48,Kendaraan,486,2,0.81,3,374926336,Default
CUST002126,27,Laki-laki,SMA,Karyawan Kontrak,26138885,84881000,48,Renovasi Rumah,,1,0.38,4,362017996,Tidak Default
CUST002127,37,Perempuan,S1,,45116999,262539329,24,Pendidikan,493,3,0.23,8,27310117,Default
CUST002128,64,Perempuan,S2,Freelancer,21145038,40014446,60,Modal Usaha,845,1,0.22,7,117617952,Tidak Default
CUST002129,31,Perempuan,S1,PNS,45720636,193862180,48,Konsumsi,612,3,0.11,10,465239178,Tidak Default
CUST002130,47,Laki-laki,S1,Freelancer,23155929,47167560,24,Modal Usaha,395,0,0.63,9,429177877,Tidak Default
CUST002131,65,Perempuan,S2,Karyawan Kontrak,44415207,71421891,24,Konsumsi,543,1,0.05,8,147040355,Tidak Default
CUST002132,51,Laki-laki,S2,Karyawan Kontrak,15426039,196959656,12,Pendidikan,782,5,0.18,1,181862478,Tidak Default
CUST002133,38,Perempuan,S1,Freelancer,19189372,213037336,48,Modal Usaha,782,1,0.81,12,214106296,Default
CUST002134,40,Perempuan,S1,Karyawan Tetap,19576430,177256209,60,Renovasi Rumah,775,4,0.64,4,391618390,Tidak Default
CUST002135,35,Laki-laki,SMA,PNS,,169641319,24,Modal Usaha,648,1,0.43,12,,Default
CUST002136,64,Perempuan,SMA,PNS,49851497,114436632,60,Kendaraan,808,0,0.43,7,69728424,Default
CUST002137,62,Laki-laki,S2,Karyawan Kontrak,25166934,226568577,48,Pendidikan,765,5,0.38,12,70288436,Default
CUST002138,38,Laki-laki,SMA,,41438907,69458284,12,Renovasi Rumah,416,3,0.5,6,240144271,Default
CUST002139,52,,D3,Wiraswasta,3804477,78315861,60,Kendaraan,753,3,0.38,11,130700707,Tidak Default
CUST002140,37,Laki-laki,S2,Karyawan Tetap,25208346,275749427,60,Konsumsi,584,5,0.64,,,Tidak Default
CUST002141,33,Laki-laki,SMA,PNS,13192299,97969209,12,Pendidikan,716,3,0.67,7,30314643,Tidak Default
CUST002142,55,Perempuan,D3,PNS,29138990,293323880,24,Konsumsi,564,1,0.78,3,414963378,Tidak Default
CUST002143,49,Laki-laki,S2,Wiraswasta,38351366,65007419,36,Kendaraan,650,2,0.55,9,230987904,Tidak Default
CUST002144,51,Perempuan,S1,Freelancer,11573724,22887853,36,Renovasi Rumah,653,3,0.51,3,481060317,Tidak Default
CUST002145,31,Perempuan,S1,PNS,41237451,260658569,36,Konsumsi,361,0,0.21,11,195684018,Default
CUST002146,34,Laki-laki,S2,Karyawan Kontrak,26661332,159544184,48,Renovasi Rumah,372,1,0.88,1,188390579,Default
CUST002147,51,Perempuan,D3,Karyawan Tetap,10702823,74033631,24,Renovasi Rumah,721,1,0.7,4,420625141,Tidak Default
CUST002148,48,Perempuan,S1,PNS,45348056,129851443,36,Konsumsi,843,5,0.43,1,361936143,Tidak Default
CUST002149,64,Laki-laki,S2,Karyawan Kontrak,5005542,245303987,60,Modal Usaha,469,1,0.42,1,86479630,Tidak Default
CUST002150,50,Laki-laki,SMA,Wiraswasta,18207057,186386865,24,Kendaraan,570,2,0.68,9,,Default
CUST002151,42,Perempuan,D3,Karyawan Kontrak,30370985,92308262,48,Modal Usaha,412,2,0.78,10,229254550,Default
CUST002152,57,Laki-laki,SMA,Karyawan Tetap,6713901,15192906,36,Renovasi Rumah,726,5,0.36,9,306875866,Tidak Default
CUST002153,64,Perempuan,S2,PNS,44821351,156040496,24,Modal Usaha,512,1,0.28,5,389270836,Default
CUST002154,47,Perempuan,S1,Karyawan Tetap,31099263,69160540,24,Konsumsi,590,0,0.44,9,378203222,Tidak Default
CUST002155,40,Laki-laki,SMA,Karyawan Tetap,19388388,109922669,24,Kendaraan,576,5,0.28,10,175885274,Tidak Default
CUST002156,57,Laki-laki,S1,PNS,37802896,70745420,12,Renovasi Rumah,656,1,0.11,2,401831430,Tidak Default
CUST002157,48,Perempuan,S2,Wiraswasta,46366071,152195939,60,Kendaraan,742,4,0.1,11,11713198,Tidak Default
CUST002158,37,Perempuan,D3,PNS,27075121,5393300,60,Pendidikan,787,0,0.39,7,159588302,Tidak Default
CUST002159,60,Laki-laki,S1,Karyawan Kontrak,44989630,46652868,12,Pendidikan,792,2,0.48,8,68157790,Tidak Default
CUST002160,30,Perempuan,SMA,Karyawan Tetap,26571708,38884113,36,Renovasi Rumah,330,0,0.44,7,,Default
CUST002161,57,Laki-laki,SMA,Wiraswasta,21501817,239174314,36,Konsumsi,531,3,0.13,1,202407272,Default
CUST002162,29,Laki-laki,SMA,Karyawan Kontrak,33312764,266865288,48,Konsumsi,518,4,0.23,11,186911710,Tidak Default
CUST002163,29,Perempu@n,S2,PNS,35924547,40159758,60,Renovasi Rumah,702,5,0.81,8,403655627,Default
CUST002164,65,Perempuan,D3,Wiraswasta,,168193459,36,Kendaraan,472,1,0.61,3,184075379,Tidak Default
CUST002165,39,Laki-laki,SMA,Freelancer,42788597,51876519,12,Renovasi Rumah,520,5,0.87,12,93665030,Default
CUST002166,39,Laki-laki,S1,,19531550,234383419,36,Pendidikan,732,3,0.43,7,,Tidak Default
CUST002167,50,Laki-laki,S1,Karyawan Kontrak,35147987,269919210,12,Pendidikan,596,3,0.58,9,125349472,Tidak Default
CUST002168,61,Perempuan,SMA,Freelancer,30627526,213440581,24,Modal Usaha,846,0,0.46,,256675941,Tidak Default
CUST002169,28,Laki-laki,D3,Wiraswasta,12055497,79804670,36,Renovasi Rumah,604,2,0.14,11,242450761,Default
CUST002170,59,Perempuan,S1,PNS,42995751,136749578,24,Konsumsi,526,5,0.38,9,38895663,Default
CUST002171,52,Perempuan,S1,Wiraswasta,45347976,194652474,36,Pendidikan,653,0,0.57,4,92457708,Tidak Default
CUST002172,39,Laki-laki,S1,Karyawan Kontrak,17159473,258533611,36,Pendidikan,797,3,0.69,7,,Default
CUST002173,55,Perempuan,SMA,Karyawan Kontrak,19402309,20284910,24,Modal Usaha,582,2,0.05,10,,Default
CUST002174,64,Laki-laki,S2,Wiraswasta,39032300,264950387,24,Kendaraan,472,4,0.43,1,,Tidak Default
CUST002175,55,,S2,Wiraswasta,41894687,215393471,12,Konsumsi,455,0,0.39,6,25848773,Tidak Default
CUST002176,46,Perempuan,S1,Wiraswasta,39187934,37335755,48,Pendidikan,326,1,0.79,8,,Default
CUST002177,54,Perempuan,SMA,,46624884,249614598,36,Pendidikan,345,3,0.84,0,104545562,Tidak Default
CUST002178,32,Laki-laki,D3,,4453863,264776480,60,Modal Usaha,339,5,0.36,11,28905410,Default
CUST002179,40,Laki-laki,D3,Freelancer,11995102,168276082,48,Pendidikan,750,3,,8,290254205,Tidak Default
CUST002180,55,Perempuan,S2,Wiraswasta,13480120,153672015,60,Pendidikan,516,1,,1,450967431,Tidak Default
CUST002181,42,Laki-laki,S2,Wiraswasta,20780012,157223379,24,Renovasi Rumah,400,3,0.26,3,117436466,Default
CUST002182,46,Perempuan,D3,Karyawan Kontrak,26961069,222528175,12,Pendidikan,493,4,0.4,0,196300399,Default
CUST002183,64,Perempuan,S2,Freelancer,46551337,85957646,36,Modal Usaha,493,3,0.7,9,32462085,Tidak Default
CUST002184,55,Perempuan,SMA,Karyawan Tetap,8004440,131055974,36,Konsumsi,357,4,0.4,11,173337030,Default
CUST002185,54,Perempuan,S1,Freelancer,4076842,150452916,12,Kendaraan,378,4,0.64,6,21008748,Default
CUST002186,55,Perempuan,D3,Karyawan Tetap,20274865,209073908,36,Renovasi Rumah,680,3,0.52,,285299333,Default
CUST002187,58,Laki-laki,SMA,Freelancer,10978292,274130377,60,Pendidikan,316,2,0.21,9,8114996,Default
CUST002188,40,Perempuan,D3,Freelancer,40956748,277287689,12,Renovasi Rumah,781,0,0.17,10,371657255,Tidak Default
CUST002189,47,Perempu@n,SMA,Karyawan Kontrak,33020816,150021168,24,Pendidikan,585,0,0.81,,,Tidak Default
CUST002190,40,Laki-laki,S2,PNS,11056502,147700272,36,Kendaraan,391,1,0.45,3,494300951,Default
CUST002191,43,Perempuan,SMA,Wiraswasta,19231214,88478059,24,Kendaraan,334,4,0.62,7,313286622,Default
CUST002192,32,Perempuan,D3,,30091527,290427752,60,Pendidikan,465,5,0.5,9,290069205,Tidak Default
CUST002193,34,Perempuan,SMA,Wiraswasta,11750849,291612675,12,Renovasi Rumah,352,5,0.69,10,,Default
CUST002194,42,Laki-laki,SMA,Freelancer,14626136,49440185,24,Pendidikan,610,4,0.66,4,,Tidak Default
CUST002195,36,Laki-laki,S2,PNS,10488573,266547423,12,Konsumsi,814,5,0.72,9,358295077,Default
CUST002196,45,Perempuan,D3,Karyawan Tetap,38607606,189680997,36,Modal Usaha,676,5,0.79,9,277716431,Default
CUST002197,25,Laki-laki,SMA,Wiraswasta,8597383,216999734,48,Renovasi Rumah,670,2,0.74,12,451552960,Default
CUST002198,25,Laki-laki,,Karyawan Kontrak,16689438,70203582,60,Pendidikan,681,3,0.57,4,308675902,Tidak Default
CUST002199,48,Perempuan,SMA,Wiraswasta,7571410,133061616,12,Konsumsi,723,1,0.76,2,385825006,Tidak Default
CUST002200,35,Perempuan,D3,,4002277,269797953,24,Konsumsi,841,4,0.27,0,57913429,Tidak Default
CUST002201,49,Laki-laki,S2,PNS,20399692,267364038,12,Konsumsi,340,1,0.58,,477785229,Default
CUST002202,54,Perempuan,D3,PNS,14135714,200952677,60,Pendidikan,337,3,0.43,10,416340869,Default
CUST002203,46,Perempuan,S2,Karyawan Kontrak,25773183,81507220,60,Renovasi Rumah,361,3,0.31,4,497953234,Tidak Default
CUST002204,53,Laki-laki,S1,Karyawan Kontrak,49427514,298771271,24,Konsumsi,588,2,0.66,5,293875933,Tidak Default
CUST002205,65,Laki-laki,S2,Wiraswasta,23483191,256280546,48,Pendidikan,485,4,0.73,5,141961975,Default
CUST002206,65,Perempuan,S1,PNS,20740746,53253424,60,Modal Usaha,747,2,0.24,0,118349328,Tidak Default
CUST002207,44,Laki-laki,S2,PNS,37167532,216332749,60,Renovasi Rumah,577,4,0.2,3,425091072,Tidak Default
CUST002208,64,,SMA,Freelancer,46835689,125978083,60,Pendidikan,399,2,0.44,6,416176478,Tidak Default
CUST002209,61,Laki-laki,D3,Wiraswasta,49019457,20727573,12,Pendidikan,673,2,0.17,10,124362862,Tidak Default
CUST002210,50,Perempuan,SMA,Karyawan Kontrak,11498433,209185189,24,Modal Usaha,458,5,0.6,5,333206807,Default
CUST002211,50,Laki-laki,S2,Karyawan Kontrak,26281173,15764729,60,Konsumsi,686,3,0.55,2,451012782,Tidak Default
CUST002212,50,Perempuan,S2,PNS,4861137,78886478,60,Pendidikan,392,3,0.42,11,196819396,Default
CUST002213,31,Laki-laki,S1,Wiraswasta,49544164,111357480,60,Pendidikan,799,3,0.86,7,450484269,Default
CUST002214,23,Laki-laki,SMA,PNS,14707639,262785755,12,Pendidikan,565,2,0.68,9,494282219,Tidak Default
CUST002215,61,Laki-laki,S2,PNS,40752062,95027401,36,Kendaraan,351,2,0.78,1,432394843,Default
CUST002216,24,Perempuan,SMA,PNS,22356998,154466961,48,Renovasi Rumah,808,0,0.31,11,457297012,Tidak Default
CUST002217,,Laki-laki,S2,Karyawan Kontrak,42509529,114845451,36,Konsumsi,579,0,0.09,4,,Tidak Default
CUST002218,29,Perempuan,D3,Karyawan Kontrak,24798594,154574307,60,Modal Usaha,500,1,0.42,3,424172998,Default
CUST002219,32,Laki-laki,S2,Karyawan Kontrak,45857195,87630091,60,Kendaraan,468,0,0.77,7,186175432,Default
CUST002220,63,Perempuan,S2,Karyawan Tetap,35674593,125183914,48,Modal Usaha,594,3,0.11,11,197842703,Default
CUST002221,54,Perempuan,S1,PNS,23042433,267277340,60,Modal Usaha,716,1,0.08,7,263117139,Default
CUST002222,33,Laki-laki,S1,Karyawan Kontrak,19813130,222743649,36,Kendaraan,744,1,0.24,12,,Tidak Default
CUST002223,58,Perempuan,D3,Karyawan Kontrak,26808362,110171551,12,Pendidikan,482,2,0.26,2,253666837,Tidak Default
CUST002224,49,Laki-laki,S2,Wiraswasta,29284528,276796991,12,Renovasi Rumah,350,5,0.45,10,,Default
CUST002225,50,,SMA,,17450808,123873055,36,Konsumsi,505,4,0.37,1,34374203,Default
CUST002226,25,Laki-laki,S2,Freelancer,11667056,264544456,12,Kendaraan,343,4,0.39,10,276265315,Default
CUST002227,48,Laki-laki,,PNS,15151327,196341641,24,Konsumsi,714,4,0.84,7,,Default
CUST002228,49,Perempuan,S1,PNS,3993489,33786030,48,Konsumsi,831,5,0.64,8,337638821,Tidak Default
CUST002229,29,Perempuan,D3,PNS,34653777,80206297,48,Renovasi Rumah,455,1,,12,2445688,Default
CUST002230,38,Perempu@n,SMA,Karyawan Tetap,41525419,90758577,12,Renovasi Rumah,491,0,0.18,4,372849774,Tidak Default
CUST002231,33,Laki-laki,D3,Karyawan Kontrak,40213564,272751244,12,Renovasi Rumah,419,3,0.76,4,348805407,Default
CUST002232,58,Laki-laki,D3,Karyawan Kontrak,21810932,145058492,60,Konsumsi,522,3,0.64,6,51181600,Tidak Default
CUST002233,30,Laki-laki,S1,Karyawan Kontrak,35936365,218581307,36,Renovasi Rumah,378,1,0.21,4,302157143,Default
CUST002234,52,Perempuan,S2,Karyawan Tetap,38889860,31385060,48,Modal Usaha,676,2,0.1,1,410758337,Tidak Default
CUST002235,33,Laki-laki,SMA,Wiraswasta,,156026765,12,Modal Usaha,558,1,0.59,2,157557789,Tidak Default
CUST002236,31,Laki-laki,D3,Wiraswasta,46033433,262383248,60,Konsumsi,735,0,0.75,,363805104,Default
CUST002237,40,Perempuan,S2,,17442838,146156577,48,Kendaraan,816,3,0.79,3,436330417,Default
CUST002238,,Laki-laki,SMA,Freelancer,25466102,124140608,12,Pendidikan,656,0,0.71,5,360080010,Tidak Default
CUST002239,56,Perempuan,S1,Karyawan Kontrak,48421623,256228361,36,Kendaraan,491,4,0.18,11,484440554,Default
CUST002240,60,Laki-laki,D3,PNS,26854990,124666511,48,Pendidikan,353,5,0.2,7,219307577,Tidak Default
CUST002241,32,Perempuan,D3,PNS,23753973,46850560,12,Kendaraan,400,0,0.72,5,131834831,Default
CUST002242,,Laki-laki,S2,Wiraswasta,38933653,107323435,36,Modal Usaha,398,4,0.45,5,220961432,Tidak Default
CUST002243,40,Perempuan,S2,Karyawan Tetap,9358608,106567831,24,Kendaraan,449,3,0.82,6,77492512,Default
CUST002244,40,Perempuan,S1,PNS,12676641,263704097,48,Renovasi Rumah,343,1,0.57,0,314321072,Tidak Default
CUST002245,59,Perempuan,S1,Karyawan Kontrak,47667618,254701999,24,Modal Usaha,594,5,0.9,11,242622875,Default
CUST002246,23,Perempuan,D3,PNS,21107642,294039911,24,Modal Usaha,741,5,0.74,5,425091693,Tidak Default
CUST002247,43,Laki-laki,S2,Wiraswasta,46161735,29127221,48,Renovasi Rumah,597,0,0.67,9,458023010,Default
CUST002248,,Laki-laki,SMA,Wiraswasta,28354428,104519315,24,Modal Usaha,848,0,0.1,7,,Tidak Default
CUST002249,47,Laki-laki,S2,Karyawan Tetap,27177472,64356924,60,Konsumsi,427,2,0.61,4,,Default
CUST002250,53,Perempuan,S2,Karyawan Tetap,36011349,269168930,48,Renovasi Rumah,801,5,,0,80384488,Default
CUST002251,43,Laki-laki,D3,PNS,35220256,249662999,36,Modal Usaha,,2,0.37,0,73604954,Default
CUST002252,60,Laki-laki,S2,Karyawan Tetap,38033687,227285972,48,Renovasi Rumah,,0,0.4,12,348214214,Tidak Default
CUST002253,63,Laki-laki,S1,Wiraswasta,17199751,34780903,36,Kendaraan,495,3,0.15,10,39356300,Default
CUST002254,29,Perempuan,SMA,Karyawan Tetap,18374013,164756933,12,Modal Usaha,574,1,0.9,8,434265886,Default
CUST002255,38,Perempuan,,Karyawan Tetap,20825523,219987290,60,Pendidikan,411,4,0.28,9,345202117,Tidak Default
CUST002256,45,Laki-laki,S1,Karyawan Tetap,26508923,273634592,12,Kendaraan,527,4,0.55,0,299828041,Default
CUST002257,46,Laki-laki,S1,Freelancer,5775434,37023508,60,Konsumsi,570,1,0.23,2,102026506,Tidak Default
CUST002258,25,Perempuan,SMA,Karyawan Kontrak,49402174,124408420,12,Pendidikan,725,2,,4,486230593,Tidak Default
CUST002259,28,Laki-laki,S1,Wiraswasta,16769243,201867851,60,Pendidikan,,4,0.68,7,360331348,Tidak Default
CUST002260,38,Perempuan,D3,PNS,21120825,217248473,36,Modal Usaha,598,0,0.21,4,377775551,Default
CUST002261,30,Perempuan,S1,Wiraswasta,14542897,100807869,36,Modal Usaha,647,0,0.47,3,109421320,Tidak Default
CUST002262,45,Laki-laki,S2,Wiraswasta,10673417,53685335,48,Konsumsi,613,2,0.6,8,,Tidak Default
CUST002263,62,Laki-laki,SMA,Karyawan Tetap,43340468,168004061,60,Renovasi Rumah,737,0,0.67,10,68570122,Default
CUST002264,54,Laki-laki,S2,PNS,45465346,88874156,48,Modal Usaha,416,1,0.67,4,327476130,Tidak Default
CUST002265,28,Perempuan,D3,Freelancer,10393994,207456480,36,Konsumsi,746,2,0.09,6,31005526,Default
CUST002266,29,Laki-laki,,Karyawan Kontrak,44959685,133223468,24,Pendidikan,620,1,0.11,5,,Tidak Default
CUST002267,57,Perempuan,D3,PNS,8869571,56102613,12,Pendidikan,495,2,,1,196116578,Tidak Default
CUST002268,57,Perempuan,S1,Karyawan Tetap,18700695,223615572,24,Renovasi Rumah,559,5,0.85,12,358994162,Tidak Default
CUST002269,52,Laki-laki,S1,PNS,28418099,289364841,12,Pendidikan,-606,2,0.87,7,194126704,Default
CUST002270,40,Perempuan,S1,Freelancer,21454991,31216984,12,Konsumsi,416,5,0.51,8,399279096,Default
CUST002271,41,Laki-laki,D3,PNS,16961877,203081421,24,Kendaraan,518,5,0.13,0,172483869,Tidak Default
CUST002272,23,Laki-laki,D3,Karyawan Kontrak,42923539,276469462,24,Pendidikan,790,4,0.61,1,483992874,Tidak Default
CUST002273,52,Perempuan,S1,Karyawan Tetap,7287659,281603667,24,Modal Usaha,701,0,0.2,7,129196106,Tidak Default
CUST002274,57,Perempuan,S1,Karyawan Kontrak,5890395,6450367,60,Pendidikan,469,1,0.78,2,463330512,Default
CUST002275,42,Perempuan,SMA,Wiraswasta,40943174,286503703,12,Pendidikan,371,1,0.6,5,,Tidak Default
CUST002276,30,Laki-laki,S1,,32932068,147930382,60,Renovasi Rumah,567,3,0.18,12,74329993,Tidak Default
CUST002277,24,Perempuan,S2,Wiraswasta,45424965,267287571,48,Renovasi Rumah,678,4,0.64,5,128802580,Default
CUST002278,34,,S1,Freelancer,44948407,28985827,12,Modal Usaha,471,5,0.89,2,434035597,Tidak Default
CUST002279,62,Laki-laki,D3,Karyawan Tetap,12724519,71098511,36,Renovasi Rumah,366,5,0.56,8,267725767,Tidak Default
CUST002280,27,Perempuan,SMA,Karyawan Tetap,,162041320,36,Konsumsi,751,1,0.57,1,,Tidak Default
CUST002281,43,Perempuan,S1,PNS,8762788,60758833,24,Renovasi Rumah,620,2,0.32,5,293388473,Tidak Default
CUST002282,62,Laki-laki,D3,Karyawan Kontrak,14287648,185494430,48,Konsumsi,509,2,0.25,9,58042722,Tidak Default
CUST002283,60,Perempuan,SMA,Karyawan Kontrak,5687134,264307772,12,Kendaraan,427,3,0.29,6,423107677,Default
CUST002284,34,Laki-laki,S1,Karyawan Tetap,24597588,127956741,12,Modal Usaha,323,2,0.53,1,423095845,Default
CUST002285,43,,S1,Wiraswasta,30428254,79223596,48,Konsumsi,405,4,0.36,6,390258589,Tidak Default
CUST002286,45,Perempuan,S1,Karyawan Tetap,23214545,270386342,24,Modal Usaha,331,0,0.12,8,313476363,Tidak Default
CUST002287,,Perempuan,S2,Karyawan Kontrak,30376103,88712303,12,Konsumsi,463,4,0.7,9,476242683,Tidak Default
CUST002288,47,Laki-laki,S1,Karyawan Tetap,21498770,98351282,24,Kendaraan,317,0,0.14,1,276026270,Default
CUST002289,46,Perempuan,S1,Karyawan Tetap,16282506,180785929,48,Kendaraan,311,2,0.69,5,,Default
CUST002290,56,Laki-laki,SMA,PNS,38054508,36557821,60,Modal Usaha,449,0,0.2,2,261469591,Tidak Default
CUST002291,47,Laki-laki,S1,Karyawan Tetap,48012533,5045620,36,Konsumsi,643,0,0.21,6,368096136,Tidak Default
CUST002292,58,Laki-laki,SMA,Karyawan Tetap,38155364,125364098,36,Pendidikan,508,5,0.05,5,377903301,Default
CUST002293,30,Perempuan,D3,Wiraswasta,33885229,298932859,60,Modal Usaha,727,5,0.44,9,,Default
CUST002294,22,Laki-laki,D3,Karyawan Tetap,28972314,5413532,36,Kendaraan,383,4,0.18,1,122572448,Default
CUST002295,47,,SMA,Freelancer,28061256,96873930,60,Modal Usaha,517,2,0.69,,185875338,Tidak Default
CUST002296,44,Laki-laki,S1,Karyawan Tetap,19110997,24317534,60,Renovasi Rumah,697,0,0.79,4,313221423,Tidak Default
CUST002297,57,Perempuan,S1,Karyawan Kontrak,42485199,153379954,12,Konsumsi,581,4,0.29,9,132840490,Tidak Default
CUST002298,33,Laki-laki,S2,Freelancer,11425614,185267958,48,Modal Usaha,436,0,0.87,11,293078184,Default
CUST002299,53,Laki-laki,SMA,Karyawan Kontrak,34964539,265962667,24,Kendaraan,441,2,0.78,6,319830801,Default
CUST002300,57,Perempuan,S1,PNS,19284882,24377352,48,Renovasi Rumah,573,5,0.59,11,321561068,Default
CUST002301,22,Laki-laki,SMA,Karyawan Kontrak,6758538,227359630,12,Kendaraan,559,2,0.19,12,237852667,Default
CUST002302,57,Perempuan,SMA,PNS,25533841,214152437,48,Renovasi Rumah,567,2,,8,338077722,Tidak Default
CUST002303,57,Perempuan,S1,Karyawan Tetap,15110100,28479229,24,Kendaraan,333,3,0.38,2,27426242,Default
CUST002304,41,Perempuan,S2,Karyawan Tetap,41066650,272649461,60,Pendidikan,372,1,0.44,7,,Tidak Default
CUST002305,52,Perempuan,SMA,Wiraswasta,44775626,296127374,36,Pendidikan,766,3,0.66,11,242905410,Tidak Default
CUST002306,29,Perempuan,SMA,Freelancer,4823946,26525971,12,Renovasi Rumah,555,3,0.57,10,196935283,Default
CUST002307,25,Laki-laki,S1,Freelancer,33100247,187569576,36,Pendidikan,586,3,0.46,1,295560657,Tidak Default
CUST002308,46,Laki-laki,SMA,PNS,13374487,197064438,48,Kendaraan,416,5,0.82,4,454350748,Default
CUST002309,40,Laki-laki,S1,Wiraswasta,34909086,290829497,48,Pendidikan,786,4,0.38,12,479252442,Tidak Default
CUST002310,25,Perempuan,D3,PNS,21308309,15606482,48,Renovasi Rumah,723,4,0.43,8,447713057,Tidak Default
CUST002311,26,Perempuan,S2,Freelancer,,276894642,60,Konsumsi,,4,0.7,11,,Default
CUST002312,55,Laki-laki,,Karyawan Tetap,14868864,170709398,60,Pendidikan,668,2,0.74,8,481080511,Tidak Default
CUST002313,42,Perempuan,S1,Wiraswasta,17327123,279009425,60,Pendidikan,673,0,0.28,12,422484507,Tidak Default
CUST002314,27,Laki-laki,S2,Wiraswasta,49338315,247461893,12,Modal Usaha,455,5,0.76,2,213365422,Default
CUST002315,37,Laki-laki,S1,PNS,20110837,12922206,36,Renovasi Rumah,548,1,0.55,2,206696282,Default
CUST002316,63,Laki-laki,S2,Freelancer,23481115,53165125,24,Renovasi Rumah,755,0,0.14,6,484963828,Default
CUST002317,33,Perempu@n,SMA,PNS,5350794,274924644,60,Modal Usaha,335,4,0.41,0,448329650,Tidak Default
CUST002318,32,Laki-laki,S2,Karyawan Tetap,49684803,156382585,48,Pendidikan,704,0,0.27,8,180978718,Default
CUST002319,64,Laki-laki,S2,Freelancer,29019369,68845954,12,Modal Usaha,435,2,0.78,8,,Default
CUST002320,29,Laki-laki,SMA,PNS,49093179,13049471,24,Renovasi Rumah,762,5,0.35,8,464824664,Tidak Default
CUST002321,27,Perempuan,SMA,PNS,43168658,299932823,48,Kendaraan,345,3,0.54,6,329097070,Default
CUST002322,55,Laki-laki,D3,Freelancer,30667177,199283326,48,Modal Usaha,525,3,0.3,12,70589456,Tidak Default
CUST002323,65,Perempuan,S2,Wiraswasta,47427042,108860281,60,Kendaraan,730,0,0.66,2,,Tidak Default
CUST002324,44,Perempuan,S2,Karyawan Kontrak,3330081,74508031,36,Pendidikan,653,3,0.29,8,126961002,Default
CUST002325,24,Perempuan,D3,Karyawan Kontrak,26123885,165108298,48,Renovasi Rumah,372,2,0.06,7,432789897,Default
CUST002326,62,Laki-laki,S2,Wiraswasta,34143876,168749656,12,Renovasi Rumah,585,5,,5,438682728,Default
CUST002327,26,,S2,Karyawan Kontrak,34343794,32010284,12,Renovasi Rumah,451,1,0.69,,156346731,Tidak Default
CUST002328,57,Perempuan,S1,Wiraswasta,26972737,96521281,36,Konsumsi,556,4,0.78,10,225691554,Default
CUST002329,47,Perempuan,D3,Karyawan Tetap,40197458,237618114,12,Renovasi Rumah,347,3,0.17,9,304410368,Tidak Default
CUST002330,46,Perempuan,S2,PNS,31634602,182012773,12,Pendidikan,575,3,0.61,8,390630642,Tidak Default
CUST002331,57,Laki-laki,S2,Karyawan Tetap,42301284,286754794,36,Modal Usaha,491,2,0.78,9,79114393,Tidak Default
CUST002332,65,Laki-laki,S1,Karyawan Kontrak,30411490,181849875,60,Konsumsi,482,5,0.51,12,321371661,Default
CUST002333,48,Laki-laki,SMA,Karyawan Kontrak,24332238,120714600,12,Pendidikan,697,4,0.25,5,,Default
CUST002334,58,Laki-laki,SMA,Freelancer,28656386,25353550,24,Pendidikan,845,4,0.65,3,208836058,Tidak Default
CUST002335,23,Laki-laki,S1,Karyawan Kontrak,43661063,215361987,48,Renovasi Rumah,841,5,0.26,11,174343000,Tidak Default
CUST002336,35,Laki-laki,SMA,Karyawan Tetap,32310853,11050768,12,Kendaraan,581,1,0.24,6,198870592,Tidak Default
CUST002337,45,Perempuan,SMA,Wiraswasta,19732998,8136846,48,Pendidikan,812,4,0.84,10,231843370,Default
CUST002338,48,Perempuan,S2,Karyawan Tetap,29291116,186784831,36,Konsumsi,351,1,0.29,9,,Default
CUST002339,35,Perempuan,D3,Karyawan Tetap,48162584,278574607,24,Konsumsi,824,3,0.56,4,338148212,Tidak Default
CUST002340,62,Laki-laki,D3,PNS,31551723,112645464,60,Kendaraan,816,1,0.16,8,,Tidak Default
CUST002341,47,Perempuan,SMA,Karyawan Tetap,8899860,181956661,24,Konsumsi,694,0,0.19,10,136743157,Tidak Default
CUST002342,60,Laki-laki,D3,Freelancer,10012061,110524996,24,Pendidikan,328,0,0.7,2,344945285,Tidak Default
CUST002343,55,Laki-laki,SMA,,39837347,94541979,24,Kendaraan,503,1,0.57,3,317578273,Tidak Default
CUST002344,42,Laki-laki,S2,Karyawan Kontrak,39688479,135903219,36,Modal Usaha,375,2,0.58,0,469131694,Tidak Default
CUST002345,49,Laki-laki,D3,PNS,13842569,185272040,48,Renovasi Rumah,398,1,0.32,,,Tidak Default
CUST002346,60,Perempuan,S1,Wiraswasta,11108565,271053527,24,Modal Usaha,687,1,0.48,2,61891515,Tidak Default
CUST002347,44,Perempuan,S1,Karyawan Kontrak,29535231,76501203,24,Konsumsi,804,4,0.1,12,21853250,Tidak Default
CUST002348,25,Laki-laki,S1,Karyawan Tetap,43059025,268676747,12,Konsumsi,673,0,0.17,3,410750495,Tidak Default
CUST002349,46,Perempuan,SMA,Wiraswasta,16940608,164417724,24,Pendidikan,405,3,0.63,9,275508648,Default
CUST002350,28,,S1,Freelancer,36739699,108294522,12,Modal Usaha,411,5,0.66,9,,Default
CUST002351,65,Perempuan,SMA,Freelancer,13031333,203451751,48,Modal Usaha,737,3,0.15,1,5154045,Tidak Default
CUST002352,57,Laki-laki,SMA,Freelancer,23690804,104204680,24,Kendaraan,395,3,0.11,9,33088205,Tidak Default
CUST002353,42,Laki-laki,SMA,Karyawan Tetap,9599672,169738930,60,Kendaraan,780,2,0.76,7,324597881,Tidak Default
CUST002354,40,Laki-laki,S1,Karyawan Tetap,42243397,292976191,12,Kendaraan,327,5,0.67,7,363690155,Default
CUST002355,48,Perempuan,SMA,,45334538,93581667,12,Renovasi Rumah,319,0,0.31,8,214141198,Tidak Default
CUST002356,40,Laki-laki,SMA,Freelancer,30977526,218593296,36,Renovasi Rumah,735,0,0.19,5,291096863,Tidak Default
CUST002357,57,Perempuan,S2,Karyawan Tetap,21673278,139795179,48,Modal Usaha,655,4,0.71,1,50144755,Tidak Default
CUST002358,25,Perempuan,SMA,Karyawan Kontrak,38124688,103203636,24,Kendaraan,311,3,0.71,10,485916852,Default
CUST002359,56,Laki-laki,S2,Karyawan Kontrak,43662315,138660373,60,Modal Usaha,301,0,0.57,11,242721486,Default
CUST002360,43,Laki-laki,S2,PNS,40068317,109623114,36,Kendaraan,514,3,0.76,0,93654199,Default
CUST002361,31,Perempuan,SMA,PNS,26831780,250343014,12,Kendaraan,744,2,0.61,0,338899548,Tidak Default
CUST002362,51,Laki-laki,SMA,Freelancer,10319527,174937972,12,Konsumsi,844,1,0.08,11,351782515,Default
CUST002363,53,,S2,Freelancer,3101998,240297554,12,Kendaraan,596,0,0.57,10,235382447,Tidak Default
CUST002364,34,Laki-laki,,Karyawan Tetap,11721260,109466068,60,Renovasi Rumah,735,5,0.22,11,490246210,Tidak Default
CUST002365,49,Perempuan,D3,Wiraswasta,4335770,65068954,24,Kendaraan,320,4,0.23,12,,Tidak Default
CUST002366,39,Perempuan,D3,Karyawan Kontrak,38567910,148091333,36,Konsumsi,476,4,0.19,7,330397581,Tidak Default
CUST002367,42,Perempuan,S1,Karyawan Kontrak,40256612,210361480,60,Konsumsi,478,4,0.18,9,493219984,Default
CUST002368,51,Perempuan,S2,Karyawan Tetap,46026298,58767712,60,Konsumsi,731,1,0.08,11,257707027,Default
CUST002369,30,Perempuan,S1,PNS,8109772,213171092,12,Modal Usaha,430,3,0.29,10,21503290,Default
CUST002370,24,Perempuan,D3,Wiraswasta,47565745,177610727,48,Kendaraan,389,1,0.51,7,340483721,Default
CUST002371,57,Laki-laki,S1,PNS,22784742,34157042,48,Renovasi Rumah,718,3,0.88,12,102383273,Default
CUST002372,55,Laki-laki,D3,Wiraswasta,26709289,84673193,60,Renovasi Rumah,557,3,0.17,10,488274421,Tidak Default
CUST002373,55,PEREMPUAN,S2,Karyawan Tetap,26401206,283177104,12,Renovasi Rumah,377,1,0.64,6,193502808,Default
CUST002374,23,Perempuan,SMA,Wiraswasta,25468660,233237323,36,Renovasi Rumah,503,2,0.08,4,289073414,Tidak Default
CUST002375,64,Perempuan,S2,Wiraswasta,39882436,196707139,36,Pendidikan,527,1,0.15,7,323682559,Default
CUST002376,53,Perempuan,SMA,Freelancer,12954841,23464095,60,Modal Usaha,371,1,0.86,2,119493630,Default
CUST002377,57,Perempuan,S1,Karyawan Tetap,27244786,12553815,48,Kendaraan,618,3,0.22,7,484274271,Tidak Default
CUST002378,,Laki-laki,S2,PNS,27599708,149248931,12,Pendidikan,687,5,0.1,4,374707034,Tidak Default
CUST002379,33,Laki-laki,S1,Karyawan Tetap,23951189,180571628,36,Pendidikan,772,3,0.12,7,258506538,Tidak Default
CUST002380,59,Perempuan,SMA,Freelancer,,7169461,12,Modal Usaha,550,3,0.32,0,412940893,Tidak Default
CUST002381,29,Perempuan,S2,Freelancer,23770803,216323383,36,Konsumsi,446,3,0.21,8,371479803,Default
CUST002382,40,Laki-laki,SMA,Karyawan Kontrak,13936102,19988050,60,Modal Usaha,769,0,0.08,2,207166838,Tidak Default
CUST002383,45,,S1,Freelancer,27407267,27583130,48,Modal Usaha,700,0,0.23,2,185225673,Tidak Default
CUST002384,30,Perempuan,S2,PNS,43263568,51653326,60,Modal Usaha,679,1,0.14,1,28721002,Default
CUST002385,33,Laki-laki,D3,Wiraswasta,19972888,217367977,48,Modal Usaha,395,1,0.75,10,33326560,Default
CUST002386,,,S1,PNS,48948948,73978702,60,Pendidikan,507,4,0.27,12,189379203,Default
CUST002387,44,L@ki-l@ki,S2,Karyawan Tetap,24603365,203634195,12,Renovasi Rumah,507,4,0.25,0,327432053,Tidak Default
CUST002388,34,Perempuan,S1,Karyawan Kontrak,48701759,73279235,48,Pendidikan,775,1,0.11,0,,Tidak Default
CUST002389,46,Laki-laki,S2,Karyawan Tetap,27599557,219515662,12,Kendaraan,472,1,0.76,2,368538366,Default
CUST002390,52,Laki-laki,S2,PNS,20558103,69000486,36,Modal Usaha,475,2,,5,346140967,Tidak Default
CUST002391,41,Perempuan,SMA,Karyawan Kontrak,32506348,256147849,36,Pendidikan,434,5,0.57,5,472395773,Default
CUST002392,44,Laki-laki,S2,Karyawan Kontrak,9106122,111071022,24,Modal Usaha,391,1,0.51,7,299312299,Default
CUST002393,23,Laki-laki,S1,Freelancer,29396341,255571728,12,Kendaraan,707,2,,0,493596814,Default
CUST002394,35,Perempuan,D3,Freelancer,45281561,188715279,12,Renovasi Rumah,833,1,0.77,,109023447,Default
CUST002395,48,Laki-laki,SMA,Freelancer,35394874,283505049,48,Pendidikan,540,5,0.8,5,178150948,Tidak Default
CUST002396,44,Laki-laki,D3,Freelancer,43395061,74760524,48,Renovasi Rumah,513,3,0.77,6,145530485,Default
CUST002397,37,Laki-laki,S1,Karyawan Kontrak,6182315,203071134,48,Modal Usaha,810,2,0.24,11,292760340,Tidak Default
CUST002398,48,Perempuan,D3,Karyawan Kontrak,29428176,288128794,36,Konsumsi,794,0,0.37,7,408751336,Tidak Default
CUST002399,57,Laki-laki,D3,Wiraswasta,36058223,108388370,48,Konsumsi,350,1,0.82,11,421608006,Default
CUST002400,32,Laki-laki,D3,Freelancer,43413407,61483181,24,Modal Usaha,753,1,0.21,10,282305272,Tidak Default
CUST002401,55,Perempuan,SMA,Karyawan Kontrak,42029025,182417757,48,Modal Usaha,460,4,0.54,9,266295201,Default
CUST002402,63,Perempuan,S2,PNS,8219363,196410444,60,Pendidikan,330,4,0.71,10,,Default
CUST002403,61,Laki-laki,D3,Freelancer,13226617,284758253,48,Renovasi Rumah,687,4,0.22,3,50652407,Default
CUST002404,27,Perempuan,S1,Karyawan Kontrak,41862414,151509470,24,Konsumsi,376,1,0.27,6,133002454,Default
CUST002405,58,Perempuan,S1,Karyawan Kontrak,7197307,243764925,36,Renovasi Rumah,574,5,0.57,10,474891836,Tidak Default
CUST002406,23,Laki-laki,D3,Freelancer,33285808,290960015,24,Renovasi Rumah,322,3,0.11,4,141177351,Tidak Default
CUST002407,46,Perempuan,D3,Wiraswasta,17753114,160305124,36,Konsumsi,450,2,0.46,8,280517109,Tidak Default
CUST002408,31,Laki-laki,D3,Karyawan Kontrak,38331157,214781131,36,Konsumsi,519,4,0.09,9,277949127,Tidak Default
CUST002409,56,Laki-laki,S2,Freelancer,16945058,257376193,36,Pendidikan,389,2,0.86,0,487416573,Default
CUST002410,39,Laki-laki,D3,,7930962,52445459,60,Pendidikan,483,5,0.59,7,151097466,Tidak Default
CUST002411,27,Laki-laki,D3,Wiraswasta,40317255,239801073,48,Konsumsi,529,4,0.51,0,64758272,Default
CUST002412,55,Perempuan,S2,Karyawan Kontrak,24226514,293668966,60,Pendidikan,439,0,0.88,9,29454298,Default
CUST002413,44,Laki-laki,S2,,41660168,65896634,24,Modal Usaha,456,2,0.18,2,373103316,Tidak Default
CUST002414,45,Perempuan,SMA,PNS,43242944,127357498,60,Pendidikan,559,4,,4,445837586,Tidak Default
CUST002415,64,Perempuan,S1,Karyawan Kontrak,10485294,256441556,48,Pendidikan,373,5,0.24,8,325635112,Default
CUST002416,,Laki-laki,S1,Karyawan Tetap,29324467,123255966,60,Kendaraan,473,5,0.45,12,,Tidak Default
CUST002417,31,Laki-laki,S2,PNS,42354908,214203032,36,Renovasi Rumah,447,0,0.81,8,328942442,Default
CUST002418,48,Perempuan,D3,Freelancer,33819207,117551309,24,Kendaraan,837,4,0.44,2,23699849,Tidak Default
CUST002419,42,Perempuan,S2,Karyawan Tetap,27320544,79620174,12,Renovasi Rumah,681,5,0.39,5,294677387,Tidak Default
CUST002420,32,Laki-laki,SMA,PNS,10980714,241011043,36,Modal Usaha,542,3,0.84,1,61634072,Default
CUST002421,49,Perempuan,D3,Karyawan Kontrak,9531132,172535823,12,Renovasi Rumah,742,2,0.18,6,146978330,Tidak Default
CUST002422,58,Laki-laki,D3,Freelancer,36323153,273019590,60,Kendaraan,843,0,,,99345013,Tidak Default
CUST002423,25,Laki-laki,S2,Karyawan Tetap,7651657,61736848,24,Renovasi Rumah,605,3,0.19,0,167324034,Tidak Default
CUST002424,55,Perempuan,S1,Wiraswasta,26709650,219923344,36,Kendaraan,587,2,0.77,10,74054731,Default
CUST002425,38,Laki-laki,S1,Karyawan Kontrak,6531619,99015536,48,Pendidikan,,4,0.82,10,462427935,Default
CUST002426,65,Laki-laki,S2,Wiraswasta,22293376,117300501,60,Pendidikan,425,3,0.08,0,361938110,Tidak Default
CUST002427,65,Laki-laki,D3,Wiraswasta,30705590,224697529,48,Modal Usaha,773,3,0.44,11,19595104,Default
CUST002428,42,Laki-laki,S1,Wiraswasta,45763842,125207807,12,Modal Usaha,829,2,0.45,10,310283592,Tidak Default
CUST002429,58,Perempuan,S2,PNS,32871441,20391739,48,Renovasi Rumah,443,2,0.2,8,220516004,Default
CUST002430,22,,D3,Karyawan Tetap,45896524,147207932,60,Modal Usaha,750,3,0.35,10,63067000,Tidak Default
CUST002431,59,Laki-laki,,Freelancer,26941283,184325993,36,Konsumsi,554,0,0.58,11,366214092,Tidak Default
CUST002432,34,Perempuan,SMA,Freelancer,48911261,174131398,60,Renovasi Rumah,697,3,0.78,,264221539,Tidak Default
CUST002433,57,Laki-laki,D3,Wiraswasta,49918461,257697052,36,Renovasi Rumah,322,4,0.08,2,297734903,Tidak Default
CUST002434,23,Perempuan,D3,Freelancer,29538606,167378358,60,Renovasi Rumah,696,2,,6,97807148,Tidak Default
CUST002435,22,Perempuan,S1,Karyawan Kontrak,5388981,267847134,60,Kendaraan,735,2,0.5,3,73382141,Tidak Default
CUST002436,23,Laki-laki,S1,Karyawan Tetap,37045858,103299570,48,Modal Usaha,477,2,0.32,2,243035552,Default
CUST002437,59,Laki-laki,S1,Karyawan Tetap,34815576,59442909,60,Konsumsi,794,0,0.46,7,316327435,Tidak Default
CUST002438,53,Perempuan,SMA,Karyawan Tetap,20917583,82069117,24,Konsumsi,469,0,0.82,12,,Default
CUST002439,57,Perempuan,SMA,Freelancer,10326772,247820517,48,Kendaraan,747,2,0.1,9,255032294,Tidak Default
CUST002440,34,Perempuan,S1,Karyawan Kontrak,18251495,15084423,12,Pendidikan,456,3,0.16,11,218798489,Tidak Default
CUST002441,64,Laki-laki,SMA,Karyawan Kontrak,17856730,121599555,24,Modal Usaha,560,2,0.73,11,15285305,Default
CUST002442,41,Perempuan,S2,Karyawan Kontrak,12716548,239789120,24,Renovasi Rumah,568,0,0.24,,157178427,Default
CUST002443,59,Laki-laki,S2,PNS,38010989,120387392,36,Konsumsi,795,0,0.88,6,401265544,Default
CUST002444,47,Perempuan,S2,Karyawan Tetap,7349430,114333629,36,Kendaraan,415,2,0.51,11,353764619,Default
CUST002445,59,Laki-laki,D3,Karyawan Tetap,9423370,21971401,60,Pendidikan,590,2,0.73,5,38236887,Default
CUST002446,52,Perempu@n,SMA,Karyawan Tetap,15680292,82596021,24,Renovasi Rumah,504,2,0.71,9,142747717,Tidak Default
CUST002447,53,Perempuan,D3,Karyawan Kontrak,8974268,82119241,48,Renovasi Rumah,609,1,0.47,7,457681568,Tidak Default
CUST002448,23,Laki-laki,S2,,20629645,93336176,48,Renovasi Rumah,469,2,0.35,12,353933726,Default
CUST002449,27,Perempuan,SMA,Karyawan Kontrak,41955500,283845610,24,Kendaraan,542,3,0.73,3,151059300,Default
CUST002450,49,L@ki-l@ki,S2,Freelancer,19147762,35218407,36,Pendidikan,713,4,0.48,6,213290788,Tidak Default
CUST002451,43,Laki-laki,D3,Wiraswasta,31357492,85970298,12,Pendidikan,N/A,5,0.22,8,12437162,Tidak Default
CUST002452,38,Perempuan,SMA,Karyawan Tetap,24623923,217933300,60,Modal Usaha,685,1,0.89,6,21456905,Default
CUST002453,26,Laki-laki,SMA,Freelancer,34089060,47305837,12,Konsumsi,537,2,0.5,3,82506964,Default
CUST002454,55,Laki-laki,S1,Freelancer,46923472,159846226,48,Renovasi Rumah,847,5,0.62,2,149369865,Tidak Default
CUST002455,43,Perempuan,S1,Wiraswasta,15034208,186275705,48,Konsumsi,306,0,0.48,2,246045160,Default
CUST002456,64,Perempuan,D3,Freelancer,17738979,123779689,36,Konsumsi,843,4,0.63,3,218461767,Tidak Default
CUST002457,63,Perempuan,S1,Wiraswasta,23706253,283056828,36,Renovasi Rumah,825,1,0.71,7,,Tidak Default
CUST002458,23,Laki-laki,S1,,19830692,89825416,48,Konsumsi,735,1,0.65,11,170557460,Default
CUST002459,62,Laki-laki,D3,Wiraswasta,14288490,137782610,12,Konsumsi,499,5,0.71,8,354718818,Tidak Default
CUST002460,52,Laki-laki,D3,Karyawan Tetap,27222225,220712619,12,Pendidikan,599,0,0.06,0,184477358,Default
CUST002461,32,Perempuan,S2,Freelancer,5229324,218403285,36,Konsumsi,682,0,0.46,12,205905715,Tidak Default
CUST002462,62,Laki-laki,S1,PNS,,96464708,12,Pendidikan,595,2,0.62,4,,Default
CUST002463,33,Perempuan,S2,Freelancer,34647127,73452250,36,Modal Usaha,742,1,0.75,7,84718176,Default
CUST002464,48,Laki-laki,D3,PNS,40014588,5343842,12,Pendidikan,472,3,0.48,9,109470980,Default
CUST002465,65,Perempuan,S2,Wiraswasta,18399273,229267912,60,Kendaraan,381,1,,11,137632114,Default
CUST002466,30,Perempuan,SMA,Freelancer,14012520,98131305,12,Modal Usaha,621,4,0.82,1,147024303,Tidak Default
CUST002467,39,Perempuan,S1,Freelancer,43990957,180543366,36,Pendidikan,514,3,0.69,2,43035184,Default
CUST002468,60,Laki-laki,SMA,PNS,34116928,41191895,36,Pendidikan,348,0,0.63,11,462976627,Default
CUST002469,38,Perempuan,SMA,PNS,16257190,246845346,12,Modal Usaha,668,0,0.1,9,292037402,Default
CUST002470,22,Laki-laki,S2,Freelancer,34564281,70439302,60,Modal Usaha,847,5,0.05,6,227967812,Tidak Default
CUST002471,32,Laki-laki,S2,Wiraswasta,36084280,69802717,60,Renovasi Rumah,432,2,0.11,0,,Default
CUST002472,43,Perempuan,SMA,Freelancer,37596641,264775257,36,Kendaraan,563,0,0.05,9,,Default
CUST002473,58,Laki-laki,D3,,30855947,173763297,24,Pendidikan,340,4,0.63,1,,Default
CUST002474,23,Perempuan,D3,Wiraswasta,4298687,90983180,60,Kendaraan,540,3,0.26,8,,Default
CUST002475,33,Perempuan,SMA,Freelancer,44791599,214328410,36,Pendidikan,642,4,0.29,7,216467164,Default
CUST002476,28,Laki-laki,D3,Freelancer,39092252,209537040,12,Modal Usaha,628,0,0.64,5,478379916,Default
CUST002477,46,Perempuan,SMA,Wiraswasta,35356769,52754981,12,Kendaraan,395,0,0.76,,449093966,Default
CUST002478,47,Laki-laki,D3,Wiraswasta,17299886,13319415,24,Renovasi Rumah,391,2,0.4,4,307926374,Default
CUST002479,45,Perempuan,S2,Wiraswasta,42850217,179047926,12,Renovasi Rumah,530,1,0.38,11,358714638,Tidak Default
CUST002480,47,Laki-laki,SMA,Karyawan Tetap,48959516,149247789,12,Konsumsi,,1,,11,14444092,Tidak Default
CUST002481,65,Laki-laki,D3,Karyawan Kontrak,47663998,23225137,48,Kendaraan,620,5,0.2,5,138034695,Tidak Default
CUST002482,64,Perempuan,S2,Freelancer,29340904,179359042,48,Pendidikan,306,0,0.69,8,389127025,Default
CUST002483,45,Perempuan,S1,PNS,26130410,153055095,36,Konsumsi,438,5,0.44,,366762755,Tidak Default
CUST002484,47,Laki-laki,S1,Karyawan Kontrak,48517998,269774410,60,Pendidikan,542,4,0.9,4,422547683,Default
CUST002485,42,Perempuan,S1,Karyawan Tetap,28292879,75391866,24,Modal Usaha,483,2,0.5,9,305852613,Tidak Default
CUST002486,36,Laki-laki,S1,Karyawan Tetap,25514410,297549345,24,Kendaraan,679,1,0.46,1,190326373,Tidak Default
CUST002487,39,Laki-laki,SMA,Wiraswasta,47853664,202705745,48,Renovasi Rumah,646,4,0.74,0,20135255,Default
CUST002488,26,Perempuan,S2,PNS,18880302,75968751,60,Renovasi Rumah,778,1,0.68,0,336682195,Tidak Default
CUST002489,40,Laki-laki,D3,PNS,9691226,129405249,24,Pendidikan,706,3,0.61,11,,Tidak Default
CUST002490,25,Laki-laki,S1,Karyawan Tetap,30562665,73759099,36,Konsumsi,687,1,0.26,3,457990310,Default
CUST002491,24,Perempuan,D3,Karyawan Tetap,49644054,17278166,12,Konsumsi,816,5,0.35,8,499193482,Tidak Default
CUST002492,59,Perempuan,SMA,Wiraswasta,30416191,53034525,12,Renovasi Rumah,427,2,0.84,4,,Default
CUST002493,58,Laki-laki,S1,Karyawan Kontrak,25151210,130748958,48,Konsumsi,511,2,0.56,11,160923415,Tidak Default
CUST002494,34,Laki-laki,D3,Wiraswasta,14355342,272428356,60,Konsumsi,465,4,,1,172187045,Default
CUST002495,24,Perempuan,S2,Wiraswasta,7511711,210719801,12,Pendidikan,,2,0.26,12,203405713,Tidak Default
CUST002496,46,Perempuan,SMA,PNS,18491416,144315126,36,Kendaraan,698,1,0.69,11,239573704,Tidak Default
CUST002497,60,Laki-laki,SMA,Karyawan Tetap,42023822,278071739,48,Modal Usaha,590,2,0.24,7,229980308,Tidak Default
CUST002498,57,Laki-laki,S1,Freelancer,22918124,144239656,48,Modal Usaha,811,5,0.53,10,192609563,Tidak Default
CUST002499,62,Laki-laki,S1,Freelancer,3590720,154576910,12,Modal Usaha,333,4,0.54,0,21586097,Tidak Default
CUST002500,50,Laki-laki,S2,Freelancer,37272822,6969708,60,Konsumsi,314,5,0.64,5,107919894,Default